release_id,reference_month,publication_ts,status,row_count,selected_row_count,error,integrity_flag,hash_verified,pdf_creation_date,pdf_mod_date,pdf_creation_vs_release,pdf_mod_vs_release,naics_era,source
adv1611,2016-11,2016-12-14T13:30:00Z,parsed,570,164,,ok,true,2016-12-13T17:56:49Z,2016-12-13T17:56:49Z,at_or_before_release,at_or_before_release,4521,cache
adv1612,2016-12,2017-01-13T13:30:00Z,parsed,570,164,,ok,true,2017-01-12T19:38:41Z,2017-01-12T19:38:41Z,at_or_before_release,at_or_before_release,4521,fixture
adv1701,2017-01,2017-02-15T13:30:00Z,parsed,570,164,,ok,true,2017-02-15T13:12:02Z,2017-02-15T13:12:11Z,at_or_before_release,at_or_before_release,4521,cache
adv1702,2017-02,2017-03-15T12:30:00Z,parsed,570,164,,ok,true,2017-03-14T17:10:47Z,2017-03-14T17:10:47Z,at_or_before_release,at_or_before_release,4521,cache
adv1703,2017-03,2017-04-14T12:30:00Z,parsed,570,164,,ok,true,2017-04-13T19:00:15Z,2017-04-13T19:00:15Z,at_or_before_release,at_or_before_release,4521,fixture
adv1704,2017-04,2017-05-12T12:30:00Z,parsed,570,164,,ok,true,2017-05-11T16:26:34Z,2017-05-11T16:26:34Z,at_or_before_release,at_or_before_release,4521,cache
adv1705,2017-05,2017-06-14T12:30:00Z,parsed,570,164,,ok,true,2017-06-13T15:46:12Z,2017-06-13T15:48:06Z,at_or_before_release,at_or_before_release,4521,cache
adv1706,2017-06,2017-07-14T12:30:00Z,parsed,570,164,,ok,true,2017-07-13T20:39:44Z,2017-07-13T20:39:56Z,at_or_before_release,at_or_before_release,4521,cache
adv1707,2017-07,2017-08-15T12:30:00Z,parsed,570,164,,ok,true,2017-08-14T19:14:40Z,2017-08-14T19:14:53Z,at_or_before_release,at_or_before_release,4521,cache
adv1708,2017-08,2017-09-15T12:30:00Z,parsed,570,164,,ok,true,2017-09-14T20:31:51Z,2017-09-14T20:32:10Z,at_or_before_release,at_or_before_release,4521,cache
adv1709,2017-09,2017-10-13T12:30:00Z,parsed,570,164,,ok,true,2017-10-12T20:07:29Z,2017-10-12T20:13:45Z,at_or_before_release,at_or_before_release,4521,cache
adv1710,2017-10,2017-11-15T13:30:00Z,parsed,570,164,,ok,true,2017-11-14T17:18:20Z,2017-11-14T17:18:20Z,at_or_before_release,at_or_before_release,4521,cache
adv1711,2017-11,2017-12-14T13:30:00Z,parsed,570,164,,ok,true,2017-12-13T19:29:34Z,2017-12-13T19:29:34Z,at_or_before_release,at_or_before_release,4521,cache
adv1712,2017-12,2018-01-12T13:30:00Z,parsed,570,164,,ok,true,2018-01-11T21:28:29Z,2018-01-11T21:28:29Z,at_or_before_release,at_or_before_release,4521,cache
adv1801,2018-01,2018-02-14T13:30:00Z,parsed,570,164,,ok,true,2018-02-13T15:47:24Z,2018-02-13T15:47:24Z,at_or_before_release,at_or_before_release,4521,cache
adv1802,2018-02,2018-03-14T12:30:00Z,parsed,570,164,,ok,true,2018-03-13T15:27:29Z,2018-03-13T15:27:29Z,at_or_before_release,at_or_before_release,4521,cache
adv1803,2018-03,2018-04-16T12:30:00Z,parsed,570,164,,ok,true,2018-04-13T19:55:38Z,2018-04-13T20:30:59Z,at_or_before_release,at_or_before_release,4521,cache
adv1804,2018-04,2018-05-15T12:30:00Z,parsed,570,164,,possibly_replaced,true,2018-05-24T20:33:19Z,2018-05-24T20:33:19Z,after_release,after_release,4521,cache
adv1805,2018-05,2018-06-14T12:30:00Z,parsed,552,160,,ok,true,2018-06-13T20:13:55Z,2018-06-13T20:14:01Z,at_or_before_release,at_or_before_release,4521,cache
adv1806,2018-06,2018-07-16T12:30:00Z,parsed,552,160,,ok,true,2018-07-13T16:58:08Z,2018-07-13T16:58:19Z,at_or_before_release,at_or_before_release,4521,cache
adv1807,2018-07,2018-08-15T12:30:00Z,parsed,552,160,,ok,true,2018-08-14T19:46:13Z,2018-08-14T19:46:13Z,at_or_before_release,at_or_before_release,4521,cache
adv1808,2018-08,2018-09-14T12:30:00Z,parsed,552,160,,ok,true,2018-09-13T16:05:28Z,2018-09-13T16:05:28Z,at_or_before_release,at_or_before_release,4521,cache
adv1809,2018-09,2018-10-15T12:30:00Z,parsed,546,186,,ok,true,2018-10-15T12:44:18Z,2018-10-15T12:44:49Z,at_or_before_release,at_or_before_release,4521,cache
adv1810,2018-10,2018-11-15T13:30:00Z,parsed,546,186,,ok,true,2018-11-14T17:56:35Z,2018-11-14T17:57:05Z,at_or_before_release,at_or_before_release,4521,cache
adv1811,2018-11,2018-12-14T13:30:00Z,parsed,558,186,,ok,true,2018-12-13T19:01:26Z,2018-12-13T19:03:57Z,at_or_before_release,at_or_before_release,4521,cache
adv1812,2018-12,2019-02-14T13:30:00Z,parsed,558,180,,possibly_replaced,true,2019-02-13T16:08:19Z,2019-02-13T17:23:01Z,at_or_before_release,at_or_before_release,4521,cache
adv1901,2019-01,2019-03-11T12:30:00Z,parsed,558,176,,ok,true,2019-03-08T14:58:26Z,2019-03-08T14:58:26Z,at_or_before_release,at_or_before_release,4521,fixture
adv1902,2019-02,2019-04-01T12:30:00Z,parsed,546,180,,possibly_replaced,true,2019-03-29T14:32:51Z,2019-03-29T14:33:01Z,at_or_before_release,at_or_before_release,4521,cache
adv1903,2019-03,2019-04-18T12:30:00Z,parsed,546,186,,ok,true,2019-04-17T15:09:10Z,2019-04-17T15:09:10Z,at_or_before_release,at_or_before_release,4521,cache
adv1904,2019-04,2019-05-15T12:30:00Z,parsed,546,180,,ok,true,2019-05-14T14:52:40Z,2019-05-14T15:26:54Z,at_or_before_release,at_or_before_release,4521,cache
adv1905,2019-05,2019-06-14T12:30:00Z,parsed,546,186,,possibly_replaced,true,2019-06-25T14:16:17Z,2019-06-25T14:17:13Z,after_release,after_release,4521,cache
adv1906,2019-06,2019-07-16T12:30:00Z,parsed,546,186,,ok,true,2019-07-15T20:26:02Z,2019-07-15T20:26:14Z,at_or_before_release,at_or_before_release,4521,cache
adv1907,2019-07,2019-08-15T12:30:00Z,parsed,546,186,,ok,true,2019-08-14T14:45:48Z,2019-08-14T14:45:48Z,at_or_before_release,at_or_before_release,4521,cache
adv1908,2019-08,2019-09-13T12:30:00Z,parsed,546,186,,possibly_replaced,true,2019-09-24T17:46:42Z,2019-09-24T17:46:42Z,after_release,after_release,4521,cache
adv1909,2019-09,2019-10-16T12:30:00Z,parsed,546,180,,ok,true,2019-10-15T18:33:16Z,2019-10-15T18:33:28Z,at_or_before_release,at_or_before_release,4521,cache
adv1910,2019-10,2019-11-15T13:30:00Z,parsed,546,186,,ok,true,2019-11-14T16:40:02Z,2019-11-14T16:40:02Z,at_or_before_release,at_or_before_release,4521,cache
adv1911,2019-11,2019-12-13T13:30:00Z,parsed,558,186,,ok,true,2019-12-12T15:29:58Z,2019-12-12T15:29:58Z,at_or_before_release,at_or_before_release,4521,cache
adv1912,2019-12,2020-01-16T13:30:00Z,parsed,558,186,,ok,true,2020-01-15T15:20:01Z,2020-01-15T15:20:01Z,at_or_before_release,at_or_before_release,4521,cache
adv2001,2020-01,2020-02-14T13:30:00Z,parsed,558,176,,ok,true,2020-02-13T16:23:51Z,2020-02-13T16:30:12Z,at_or_before_release,at_or_before_release,4521,cache
adv2002,2020-02,2020-03-17T12:30:00Z,parsed,546,180,,ok,true,2020-03-17T12:09:44Z,2020-03-17T12:12:25Z,at_or_before_release,at_or_before_release,4521,cache
adv2003,2020-03,2020-04-15T12:30:00Z,parsed,552,186,,possibly_replaced,true,2020-04-14T18:43:55Z,2021-06-15T12:09:39Z,at_or_before_release,after_release,4521,cache
adv2004,2020-04,2020-05-15T12:30:00Z,parsed,546,180,,ok,true,2020-05-14T19:05:27Z,2020-05-14T19:05:46Z,at_or_before_release,at_or_before_release,4521,cache
adv2005,2020-05,2020-06-16T12:30:00Z,parsed,570,186,,ok,true,2020-06-15T18:06:44Z,2020-06-15T18:06:44Z,at_or_before_release,at_or_before_release,4521,cache
adv2006,2020-06,2020-07-16T12:30:00Z,parsed,540,186,,ok,true,2020-07-15T21:04:50Z,2020-07-15T21:04:50Z,at_or_before_release,at_or_before_release,4521,cache
adv2007,2020-07,2020-08-14T12:30:00Z,parsed,570,186,,ok,true,2020-08-13T17:49:42Z,2020-08-13T17:49:42Z,at_or_before_release,at_or_before_release,4521,cache
adv2008,2020-08,2020-09-16T12:30:00Z,parsed,546,186,,ok,true,2020-09-15T20:40:10Z,2020-09-15T20:40:29Z,at_or_before_release,at_or_before_release,4521,cache
adv2009,2020-09,2020-10-16T12:30:00Z,parsed,570,186,,ok,true,2020-10-15T18:04:21Z,2020-10-15T18:04:53Z,at_or_before_release,at_or_before_release,4521,cache
adv2010,2020-10,2020-11-17T13:30:00Z,parsed,570,186,,ok,true,2020-11-16T17:52:25Z,2020-11-16T17:52:38Z,at_or_before_release,at_or_before_release,4521,cache
adv2011,2020-11,2020-12-16T13:30:00Z,parsed,570,186,,ok,true,2020-12-16T12:53:38Z,2020-12-16T12:54:23Z,at_or_before_release,at_or_before_release,4521,cache
adv2012,2020-12,2021-01-15T13:30:00Z,parsed,570,186,,ok,true,2021-01-14T17:41:47Z,2021-01-14T17:41:55Z,at_or_before_release,at_or_before_release,4521,cache
adv2101,2021-01,2021-02-17T13:30:00Z,parsed,570,186,,ok,true,2021-02-16T18:51:38Z,2021-02-16T18:51:48Z,at_or_before_release,at_or_before_release,4521,cache
adv2102,2021-02,2021-03-16T12:30:00Z,parsed,570,186,,ok,true,2021-03-15T18:40:27Z,2021-03-15T18:46:37Z,at_or_before_release,at_or_before_release,4521,cache
adv2103,2021-03,2021-04-15T12:30:00Z,parsed,570,186,,possibly_replaced,true,2021-04-24T14:35:31Z,2021-04-24T14:35:49Z,after_release,after_release,4521,cache
adv2104,2021-04,2021-05-14T12:30:00Z,parsed,546,186,,ok,true,2021-05-13T17:09:15Z,2021-05-13T17:09:15Z,at_or_before_release,at_or_before_release,4521,cache
adv2105,2021-05,2021-06-15T12:30:00Z,parsed,570,186,,ok,true,2021-06-14T20:55:31Z,2021-06-14T20:59:46Z,at_or_before_release,at_or_before_release,4521,cache
adv2106,2021-06,2021-07-16T12:30:00Z,parsed,570,186,,ok,true,2021-07-15T19:14:02Z,2021-07-15T19:14:02Z,at_or_before_release,at_or_before_release,4521,cache
adv2107,2021-07,2021-08-17T12:30:00Z,parsed,570,186,,ok,true,2021-08-16T18:00:49Z,2021-08-16T18:00:57Z,at_or_before_release,at_or_before_release,4521,cache
adv2108,2021-08,2021-09-16T12:30:00Z,parsed,570,186,,ok,true,2021-09-15T17:54:27Z,2021-09-15T17:55:22Z,at_or_before_release,at_or_before_release,4521,cache
adv2109,2021-09,2021-10-15T12:30:00Z,parsed,570,186,,ok,true,2021-10-14T18:14:48Z,2021-10-14T18:14:48Z,at_or_before_release,at_or_before_release,4521,cache
adv2110,2021-10,2021-11-16T13:30:00Z,parsed,570,186,,ok,true,2021-11-15T17:41:08Z,2021-11-15T19:41:48Z,at_or_before_release,at_or_before_release,4521,cache
adv2111,2021-11,2021-12-15T13:30:00Z,parsed,570,186,,ok,true,2021-12-14T18:34:41Z,2021-12-14T18:34:41Z,at_or_before_release,at_or_before_release,4521,cache
adv2112,2021-12,2022-01-14T13:30:00Z,parsed,558,186,,ok,true,2022-01-13T18:48:38Z,2022-01-13T18:48:55Z,at_or_before_release,at_or_before_release,4521,cache
adv2201,2022-01,2022-02-16T13:30:00Z,parsed,546,176,,ok,true,2022-02-15T18:36:31Z,2022-02-15T18:36:31Z,at_or_before_release,at_or_before_release,4521,cache
adv2202,2022-02,2022-03-16T12:30:00Z,parsed,570,186,,ok,true,2022-03-15T17:59:41Z,2022-03-15T17:59:50Z,at_or_before_release,at_or_before_release,4521,cache
adv2203,2022-03,2022-04-14T12:30:00Z,parsed,546,180,,possibly_replaced,true,2022-04-21T18:35:46Z,2022-04-21T21:00:38Z,after_release,after_release,4521,cache
adv2204,2022-04,2022-05-17T12:30:00Z,parsed,570,186,,ok,true,2022-05-17T11:53:11Z,2022-05-17T11:54:32Z,at_or_before_release,at_or_before_release,4521,cache
adv2205,2022-05,2022-06-15T12:30:00Z,parsed,546,180,,ok,true,2022-06-14T16:42:49Z,2022-06-14T16:43:30Z,at_or_before_release,at_or_before_release,4521,fixture
adv2206,2022-06,2022-07-15T12:30:00Z,parsed,570,186,,ok,true,2022-07-14T16:46:02Z,2022-07-14T17:26:50Z,at_or_before_release,at_or_before_release,4521,cache
adv2207,2022-07,2022-08-17T12:30:00Z,parsed,546,186,,ok,true,2022-08-16T17:56:41Z,2022-08-16T18:00:29Z,at_or_before_release,at_or_before_release,4521,cache
adv2208,2022-08,2022-09-15T12:30:00Z,parsed,546,186,,possibly_replaced,true,2022-09-14T20:34:06Z,2022-09-14T20:43:17Z,at_or_before_release,at_or_before_release,4521,cache
adv2209,2022-09,2022-10-14T12:30:00Z,parsed,558,186,,ok,true,2022-10-13T17:31:41Z,2022-10-13T17:31:55Z,at_or_before_release,at_or_before_release,4521,cache
adv2210,2022-10,2022-11-16T13:30:00Z,parsed,558,186,,ok,true,2022-11-15T18:52:29Z,2022-11-15T19:54:18Z,at_or_before_release,at_or_before_release,4521,cache
adv2211,2022-11,2022-12-15T13:30:00Z,parsed,570,186,,ok,true,2022-12-14T20:31:09Z,2022-12-14T20:33:12Z,at_or_before_release,at_or_before_release,4521,cache
adv2212,2022-12,2023-01-18T13:30:00Z,parsed,570,186,,ok,true,2023-01-18T13:02:37Z,2023-01-18T13:03:28Z,at_or_before_release,at_or_before_release,4521,cache
adv2301,2023-01,2023-02-15T13:30:00Z,failed,0,0,adv2301: downloaded sha256 755bba95107afb53a39ce94f20f301fa84c3ecc171b3d97ac0abe75651fcb352 != manifest 864fda9fac32b8d0938bea3b385dce58b6f20f3216c58e7a8a645b703e0d8fcc,ok,false,,,,,,missing
adv2302,2023-02,2023-03-15T12:30:00Z,parsed,570,186,,ok,true,2023-03-14T20:08:09Z,2023-03-14T20:09:37Z,at_or_before_release,at_or_before_release,4521,cache
adv2303,2023-03,2023-04-14T12:30:00Z,parsed,570,186,,possibly_replaced,true,2023-04-21T12:39:01Z,2023-04-21T12:39:32Z,after_release,after_release,4521,cache
adv2304,2023-04,2023-05-16T12:30:00Z,parsed,546,186,,ok,true,2023-05-15T18:49:08Z,2023-05-15T18:49:38Z,at_or_before_release,at_or_before_release,4521,cache
adv2305,2023-05,2023-06-15T12:30:00Z,parsed,546,176,,ok,true,2023-06-14T17:16:04Z,2023-06-14T17:17:02Z,at_or_before_release,at_or_before_release,4521,cache
adv2306,2023-06,2023-07-18T12:30:00Z,parsed,570,186,,ok,true,2023-07-18T12:02:26Z,2023-07-18T12:02:26Z,at_or_before_release,at_or_before_release,4521,cache
adv2307,2023-07,2023-08-15T12:30:00Z,parsed,570,186,,ok,true,2023-08-14T17:29:45Z,2023-08-14T17:29:45Z,at_or_before_release,at_or_before_release,4521,cache
adv2308,2023-08,2023-09-14T12:30:00Z,parsed,546,186,,ok,true,2023-09-13T18:44:42Z,2023-09-13T18:48:05Z,at_or_before_release,at_or_before_release,4521,cache
adv2309,2023-09,2023-10-17T12:30:00Z,parsed,570,186,,ok,true,2023-10-16T18:46:35Z,2023-10-16T18:46:35Z,at_or_before_release,at_or_before_release,4521,cache
adv2310,2023-10,2023-11-15T13:30:00Z,parsed,546,170,,ok,true,2023-11-14T19:32:02Z,2023-11-14T19:36:48Z,at_or_before_release,at_or_before_release,4521,cache
adv2311,2023-11,2023-12-14T13:30:00Z,parsed,546,176,,ok,true,2023-12-13T19:32:46Z,2023-12-13T19:32:46Z,at_or_before_release,at_or_before_release,4521,cache
adv2312,2023-12,2024-01-17T13:30:00Z,parsed,546,186,,ok,true,2024-01-16T19:58:45Z,2024-01-16T20:01:56Z,at_or_before_release,at_or_before_release,4521,cache
adv2401,2024-01,2024-02-15T13:30:00Z,parsed,546,170,,ok,true,2024-02-14T17:39:20Z,2024-02-14T21:15:14Z,at_or_before_release,at_or_before_release,4521,cache
adv2402,2024-02,2024-03-14T12:30:00Z,parsed,546,186,,ok,true,2024-03-13T17:18:24Z,2024-03-13T17:18:41Z,at_or_before_release,at_or_before_release,4521,cache
adv2403,2024-03,2024-04-15T12:30:00Z,parsed,570,186,,possibly_replaced,true,2024-04-15T18:34:10Z,2024-04-15T18:34:10Z,at_or_before_release,at_or_before_release,4521,cache
adv2404,2024-04,2024-05-15T12:30:00Z,parsed,546,170,,ok,true,2024-05-14T19:34:51Z,2024-05-14T19:36:18Z,at_or_before_release,at_or_before_release,4521,cache
adv2405,2024-05,2024-06-18T12:30:00Z,parsed,546,186,,ok,true,2024-06-17T16:02:29Z,2024-06-17T16:02:41Z,at_or_before_release,at_or_before_release,4521,cache
adv2406,2024-06,2024-07-16T12:30:00Z,parsed,570,186,,ok,true,2024-07-15T18:14:48Z,2024-07-15T18:14:48Z,at_or_before_release,at_or_before_release,4521,fixture
adv2407,2024-07,2024-08-15T12:30:00Z,parsed,570,186,,ok,true,2024-08-14T19:21:38Z,2024-08-14T19:23:09Z,at_or_before_release,at_or_before_release,4521,cache
adv2408,2024-08,2024-09-17T12:30:00Z,parsed,546,186,,ok,true,2024-09-16T16:26:48Z,2024-09-16T16:27:53Z,at_or_before_release,at_or_before_release,4521,cache
adv2409,2024-09,2024-10-17T12:30:00Z,parsed,522,176,,ok,true,2024-10-16T17:33:53Z,2024-10-16T17:34:58Z,at_or_before_release,at_or_before_release,4521,cache
adv2410,2024-10,2024-11-15T13:30:00Z,parsed,570,186,,ok,true,2024-11-14T22:29:36Z,2024-11-14T22:30:07Z,at_or_before_release,at_or_before_release,4521,fixture
adv2411,2024-11,2024-12-17T13:30:00Z,parsed,570,186,,ok,true,2024-12-16T22:25:46Z,2024-12-16T22:25:46Z,at_or_before_release,at_or_before_release,4521,cache
adv2412,2024-12,2025-01-16T13:30:00Z,parsed,570,186,,ok,true,2025-01-15T19:40:22Z,2025-01-15T19:40:22Z,at_or_before_release,at_or_before_release,4521,cache
adv2501,2025-01,2025-02-14T13:30:00Z,parsed,570,186,,ok,true,2025-02-13T18:50:29Z,2025-02-13T18:50:29Z,at_or_before_release,at_or_before_release,4521,cache
adv2502,2025-02,2025-03-17T12:30:00Z,parsed,570,186,,ok,true,2025-03-14T20:00:16Z,2025-03-14T20:00:30Z,at_or_before_release,at_or_before_release,4521,cache
adv2503,2025-03,2025-04-16T12:30:00Z,parsed,570,186,,possibly_replaced,true,2025-04-23T20:40:07Z,2025-04-23T20:40:07Z,after_release,after_release,4521,cache
adv2504,2025-04,2025-05-15T12:30:00Z,parsed,570,186,,ok,true,2025-05-15T12:47:17Z,2025-05-15T12:47:17Z,at_or_before_release,at_or_before_release,4522,cache
adv2505,2025-05,2025-06-17T12:30:00Z,parsed,570,186,,ok,true,2025-06-16T15:49:44Z,2025-06-16T15:50:13Z,at_or_before_release,at_or_before_release,4522,cache
adv2506,2025-06,2025-07-17T12:30:00Z,parsed,570,186,,ok,true,2025-07-16T16:37:04Z,2025-07-16T16:39:28Z,at_or_before_release,at_or_before_release,4522,fixture
adv2507,2025-07,2025-08-15T12:30:00Z,parsed,570,186,,ok,true,2025-08-14T15:53:15Z,2025-08-14T15:54:53Z,at_or_before_release,at_or_before_release,4522,cache
adv2508,2025-08,2025-09-16T12:30:00Z,parsed,570,186,,ok,true,2025-09-15T16:06:10Z,2025-09-15T16:06:59Z,at_or_before_release,at_or_before_release,4522,cache
adv2509,2025-09,2025-11-25T13:30:00Z,parsed,570,186,,ok,true,2025-11-24T17:53:29Z,2025-11-24T17:54:22Z,at_or_before_release,at_or_before_release,4522,cache
adv2510,2025-10,2025-12-16T13:30:00Z,parsed,570,186,,ok,true,2025-12-15T19:23:37Z,2025-12-15T19:25:17Z,at_or_before_release,at_or_before_release,4522,cache
adv2511,2025-11,2026-01-14T13:30:00Z,parsed,570,186,,ok,true,2026-01-13T19:09:52Z,2026-01-13T19:10:30Z,at_or_before_release,at_or_before_release,4522,cache
adv2512,2025-12,2026-02-10T13:30:00Z,parsed,570,186,,ok,true,2026-02-09T19:14:46Z,2026-02-09T19:15:26Z,at_or_before_release,at_or_before_release,4522,cache
adv2601,2026-01,2026-03-06T13:30:00Z,parsed,570,186,,ok,true,2026-03-06T12:41:49Z,2026-03-06T12:44:08Z,at_or_before_release,at_or_before_release,4522,cache
adv2602,2026-02,2026-04-01T12:30:00Z,parsed,570,186,,ok,true,2026-03-31T17:13:40Z,2026-03-31T18:33:49Z,at_or_before_release,at_or_before_release,4522,cache
adv2603,2026-03,2026-04-21T12:30:00Z,parsed,570,186,,ok,true,2026-04-20T20:58:40Z,2026-04-21T10:55:12Z,at_or_before_release,at_or_before_release,4522,cache
adv2604,2026-04,2026-05-14T12:30:00Z,parsed,570,186,,ok,true,2026-05-13T16:13:27Z,2026-05-13T17:24:36Z,at_or_before_release,at_or_before_release,4522,cache
adv2605,2026-05,2026-06-17T12:30:00Z,parsed,570,186,,possibly_replaced,true,2026-06-16T16:43:17Z,2026-06-16T16:45:51Z,at_or_before_release,at_or_before_release,4522,cache
adv2606,2026-06,2026-07-16T12:30:00Z,parsed,570,186,,possibly_replaced,true,2026-07-15T19:09:06Z,2026-07-15T19:09:44Z,at_or_before_release,at_or_before_release,4522,cache
