release_id,reference_month,release_number,publication_ts,url,content_sha256,http_last_modified,last_modified_gap_days,integrity_flag,bytes,error
adv1611,2016-11,CB16-208,2016-12-14T13:30:00Z,https://www2.census.gov/retail/releases/historical/marts/adv1611.pdf,b8479e4bc2cd4c96cbc8db645327992c942fa20d49c88c58cd776a0cfe03b387,"Wed, 14 Dec 2016 13:30:19 GMT",0.00,ok,185012,
adv1612,2016-12,CB17-07,2017-01-13T13:30:00Z,https://www2.census.gov/retail/releases/historical/marts/adv1612.pdf,c54572859d4f3d52034d931bd534f19fd603b6a0c91f8e1870e4cef253f1107b,"Fri, 13 Jan 2017 13:30:10 GMT",0.00,ok,324886,
adv1701,2017-01,CB17-20,2017-02-15T13:30:00Z,https://www2.census.gov/retail/releases/historical/marts/adv1701.pdf,68e17326de4f8d177b2530ec12ea70fae88aed2a06aa8b09fe5bee28f440a880,"Wed, 15 Feb 2017 13:30:45 GMT",0.00,ok,315962,
adv1702,2017-02,CB17-36,2017-03-15T12:30:00Z,https://www2.census.gov/retail/releases/historical/marts/adv1702.pdf,036f0e3f9d7ec2a9ba4133e9796e6b25c77151fa1c33b194eef901e9be97cf2f,"Wed, 15 Mar 2017 12:30:54 GMT",0.00,ok,303520,
adv1703,2017-03,CB17-56,2017-04-14T12:30:00Z,https://www2.census.gov/retail/releases/historical/marts/adv1703.pdf,ae7657d707fc773018c0865ad757fef951f34855868429de62efac9c4901967e,"Fri, 14 Apr 2017 12:30:13 GMT",0.00,ok,376887,
adv1704,2017-04,CB17-69,2017-05-12T12:30:00Z,https://www2.census.gov/retail/releases/historical/marts/adv1704.pdf,7081e73ec9abea0d0d0918ff9e97a7cdda4626b67e283683da5de2f099a32e51,"Fri, 12 May 2017 13:09:25 GMT",0.03,ok,330395,
adv1705,2017-05,CB17-92,2017-06-14T12:30:00Z,https://www2.census.gov/retail/releases/historical/marts/adv1705.pdf,98bfa3a42a65786c82d5608decd4c5428291c9b716765e990cb07e6b3d7287c7,"Wed, 14 Jun 2017 12:30:05 GMT",0.00,ok,302343,
adv1706,2017-06,CB17-112,2017-07-14T12:30:00Z,https://www2.census.gov/retail/releases/historical/marts/adv1706.pdf,68b408fb0c5eb536917faec2bc2df728e95e009ce2f59decef7ac77f4a519d84,"Fri, 14 Jul 2017 12:31:25 GMT",0.00,ok,450890,
adv1707,2017-07,CB17-130,2017-08-15T12:30:00Z,https://www2.census.gov/retail/releases/historical/marts/adv1707.pdf,d91ce2c0f039841ca4a81b0c56e366d16150b56595401cb0b1cc312032ef9727,"Tue, 15 Aug 2017 12:42:54 GMT",0.01,ok,302151,
adv1708,2017-08,CB17-153,2017-09-15T12:30:00Z,https://www2.census.gov/retail/releases/historical/marts/adv1708.pdf,32425d19731437da2eff55a2846e78f02a26a57e16cd1b09c61ea9739e0d86b1,"Fri, 15 Sep 2017 12:31:59 GMT",0.00,ok,451498,
adv1709,2017-09,CB17-167,2017-10-13T12:30:00Z,https://www2.census.gov/retail/releases/historical/marts/adv1709.pdf,f297891dfba1e797f1bd8d31bba40eb27d9fe04b8113c8a0ad363b2fcd7e0dbf,"Fri, 13 Oct 2017 12:31:03 GMT",0.00,ok,759816,
adv1710,2017-10,CB17-180,2017-11-15T13:30:00Z,https://www2.census.gov/retail/releases/historical/marts/adv1710.pdf,5942290d25bdb2625dc5f07ef0dfc9e093076b24f3b030891ddf190da0a924dc,"Wed, 15 Nov 2017 13:30:05 GMT",0.00,ok,700247,
adv1711,2017-11,CB17-201,2017-12-14T13:30:00Z,https://www2.census.gov/retail/releases/historical/marts/adv1711.pdf,59b7052841343711504e1ed035e2196722d0c156b56bf7ebb768937e6a8f3556,"Thu, 14 Dec 2017 13:31:10 GMT",0.00,ok,672346,
adv1712,2017-12,CB18-05,2018-01-12T13:30:00Z,https://www2.census.gov/retail/releases/historical/marts/adv1712.pdf,89b7e992b6370bdff1e05dfd55a0f26fbd968d739c40e66c9ee7493ba233bcc4,"Fri, 12 Jan 2018 13:32:23 GMT",0.00,ok,302566,
adv1801,2018-01,CB18-19,2018-02-14T13:30:00Z,https://www2.census.gov/retail/releases/historical/marts/adv1801.pdf,16af54141335be3f81144a115513a395ff68830075cf189e8ebe3d56d4553587,"Wed, 14 Feb 2018 13:33:34 GMT",0.00,ok,673024,
adv1802,2018-02,CB18-34,2018-03-14T12:30:00Z,https://www2.census.gov/retail/releases/historical/marts/adv1802.pdf,bdedff502d4b25bb899c7637886ba8f99216d1e334b8b056a3bec0e30d8e7f49,"Wed, 14 Mar 2018 12:30:54 GMT",0.00,ok,674572,
adv1803,2018-03,CB18-59,2018-04-16T12:30:00Z,https://www2.census.gov/retail/releases/historical/marts/adv1803.pdf,5c4e750f87da1083dc7765b8a3fed8e5a1dadc9ce87f90ec23bed6d260579a4e,"Mon, 16 Apr 2018 12:31:39 GMT",0.00,ok,400746,
adv1804,2018-04,CB18-72,2018-05-15T12:30:00Z,https://www2.census.gov/retail/releases/historical/marts/adv1804.pdf,e135c4c265bf02f2b645e1e1f25fd0cf233c1cc86ed6ef7613d44e8b62e56658,"Fri, 25 May 2018 14:08:27 GMT",10.07,possibly_replaced,769684,
adv1805,2018-05,CB18-90,2018-06-14T12:30:00Z,https://www2.census.gov/retail/releases/historical/marts/adv1805.pdf,c1625bf6a5aa559467f6bd567218b888f63db73e641b7bbcef994a5d1c61ba25,"Thu, 14 Jun 2018 12:36:05 GMT",0.00,ok,770369,
adv1806,2018-06,CB18-105,2018-07-16T12:30:00Z,https://www2.census.gov/retail/releases/historical/marts/adv1806.pdf,41e4dc5ad879f004f0219cd32c955a654f9cd5fbb1a55f1b199c1234cba16a8e,"Mon, 16 Jul 2018 12:41:42 GMT",0.01,ok,767606,
adv1807,2018-07,CB18-120,2018-08-15T12:30:00Z,https://www2.census.gov/retail/releases/historical/marts/adv1807.pdf,896067d95e80c611745cd17e61da252ef46b7d73cc93b0fc726d46d956a3abc4,"Wed, 15 Aug 2018 12:30:24 GMT",0.00,ok,766669,
adv1808,2018-08,CB18-140,2018-09-14T12:30:00Z,https://www2.census.gov/retail/releases/historical/marts/adv1808.pdf,c7e3eaf9f73ebe1155a61fcf9721ea093face3d39b3f9f677c3da6c8bc271394,"Fri, 14 Sep 2018 12:39:01 GMT",0.01,ok,767797,
adv1809,2018-09,CB18-156,2018-10-15T12:30:00Z,https://www2.census.gov/retail/releases/historical/marts/adv1809.pdf,58db2a961cffc161b1d38d0cee9345619c3f49a33e728f64bc849bf8de12cb90,"Mon, 15 Oct 2018 12:47:10 GMT",0.01,ok,767527,
adv1810,2018-10,CB18-171,2018-11-15T13:30:00Z,https://www2.census.gov/retail/releases/historical/marts/adv1810.pdf,4010c0bf61b8aec88c750ab2f58c3536935128a26c7c79d0dfb52fad1ca7fe3c,"Thu, 15 Nov 2018 13:31:09 GMT",0.00,ok,942250,
adv1811,2018-11,CB18-189,2018-12-14T13:30:00Z,https://www2.census.gov/retail/releases/historical/marts/adv1811.pdf,86b844728831582b87981c6f37d468b4fc1f3d5d610ad845f865abe112970fa8,"Fri, 14 Dec 2018 13:31:29 GMT",0.00,ok,1667371,
adv1812,2018-12,CB19-08,2019-02-14T13:30:00Z,https://www2.census.gov/retail/releases/historical/marts/adv1812.pdf,39ec0d71750856bb929fa52edd9c5aa5fd44e0f7fc730e051a503d4555d66afc,"Thu, 18 Apr 2019 12:38:06 GMT",62.96,possibly_replaced,1669877,
adv1901,2019-01,CB19-23,2019-03-11T12:30:00Z,https://www2.census.gov/retail/releases/historical/marts/adv1901.pdf,0773fa902633a187a53a18c4bdb9616e69ef3d37bd61aa4c97f8aa652cd6eed2,"Mon, 11 Mar 2019 12:30:33 GMT",0.00,ok,770653,
adv1902,2019-02,CB19-40,2019-04-01T12:30:00Z,https://www2.census.gov/retail/releases/historical/marts/adv1902.pdf,74b593433970faecdfced02f51fd77c33a661a614a3b4c515e2aa2544dd8ef0a,"Thu, 18 Apr 2019 12:37:26 GMT",17.01,possibly_replaced,1669469,
adv1903,2019-03,CB19-48,2019-04-18T12:30:00Z,https://www2.census.gov/retail/releases/historical/marts/adv1903.pdf,c3a8c1cd41a790e0d23008f03c9544ee3604856340e795eeaccb069044060dae,"Thu, 18 Apr 2019 12:30:53 GMT",0.00,ok,1668765,
adv1904,2019-04,CB19-61,2019-05-15T12:30:00Z,https://www2.census.gov/retail/releases/historical/marts/adv1904.pdf,484f774ad9afab7172dc5809646ea09247bf662b52e38f2c88ee0e89959117de,"Wed, 15 May 2019 12:30:40 GMT",0.00,ok,1668615,
adv1905,2019-05,CB19-80,2019-06-14T12:30:00Z,https://www2.census.gov/retail/releases/historical/marts/adv1905.pdf,7ce308a3850bf0b10fc9ae5a584cf082e959f1ad82414c12d6889b02a4dc30db,"Tue, 25 Jun 2019 14:18:08 GMT",11.08,possibly_replaced,1298063,
adv1906,2019-06,CB19-99,2019-07-16T12:30:00Z,https://www2.census.gov/retail/releases/historical/marts/adv1906.pdf,d9aa0dd5fefff1b28349fee62cb69b3f2740d4fd89bd6355dc4bc2b805ae290d,"Tue, 16 Jul 2019 12:30:33 GMT",0.00,ok,1666888,
adv1907,2019-07,CB19-115,2019-08-15T12:30:00Z,https://www2.census.gov/retail/releases/historical/marts/adv1907.pdf,f24b438c01fda35fa68a713f0b00ce54f4c323e918e9e542bb09e62d08ef9451,"Thu, 15 Aug 2019 12:35:00 GMT",0.00,ok,1662385,
adv1908,2019-08,CB19-134,2019-09-13T12:30:00Z,https://www2.census.gov/retail/releases/historical/marts/adv1908.pdf,388fda140044d740f2f7bbbfc4c36d6baffd0ddc52718396caf6110e590cf00a,"Tue, 24 Sep 2019 18:14:25 GMT",11.24,possibly_replaced,1141840,
adv1909,2019-09,CB19-154,2019-10-16T12:30:00Z,https://www2.census.gov/retail/releases/historical/marts/adv1909.pdf,24d7dbd60eee6c59b8c2d31b9b85a6607a20faee424b42eb9bd38b65f30f74f3,"Wed, 16 Oct 2019 12:30:34 GMT",0.00,ok,768627,
adv1910,2019-10,CB19-168,2019-11-15T13:30:00Z,https://www2.census.gov/retail/releases/historical/marts/adv1910.pdf,9e46d6707c3fa236ac77b826f2110325b258df46941e55186221d99350e8562d,"Fri, 15 Nov 2019 14:02:06 GMT",0.02,ok,1663631,
adv1911,2019-11,CB19-192,2019-12-13T13:30:00Z,https://www2.census.gov/retail/releases/historical/marts/adv1911.pdf,dcbf6d464859f3edaeb165b559c751b6bc096e14c9fe0c8a504915e41df691f2,"Fri, 13 Dec 2019 13:32:13 GMT",0.00,ok,1308073,
adv1912,2019-12,CB20-06,2020-01-16T13:30:00Z,https://www2.census.gov/retail/releases/historical/marts/adv1912.pdf,ae3b897dded490aa810be218e17bcca8a7b3f79ee85b0090154b3ac3fabf0464,"Thu, 16 Jan 2020 13:44:11 GMT",0.01,ok,1957686,
adv2001,2020-01,CB20-22,2020-02-14T13:30:00Z,https://www2.census.gov/retail/releases/historical/marts/adv2001.pdf,f4d1d478abc141e5169f96ba358b012fca0d82d65cff2f83b7b69fe15ff6197d,"Fri, 14 Feb 2020 13:31:12 GMT",0.00,ok,1528190,
adv2002,2020-02,CB20-36,2020-03-17T12:30:00Z,https://www2.census.gov/retail/releases/historical/marts/adv2002.pdf,c78fcc9bfdba9414ac8d27eceafb417af495b942994c1dbb66c5a0d00d095aa8,"Tue, 17 Mar 2020 12:44:12 GMT",0.01,ok,1524937,
adv2003,2020-03,CB20-56,2020-04-15T12:30:00Z,https://www2.census.gov/retail/releases/historical/marts/adv2003.pdf,76b8b8a358181aaf9398d6b89464998c45e22328b8af5dfcc6ab9fc77ba59b33,"Tue, 15 Jun 2021 12:12:21 GMT",425.99,possibly_replaced,1532756,
adv2004,2020-04,CB20-69,2020-05-15T12:30:00Z,https://www2.census.gov/retail/releases/historical/marts/adv2004.pdf,95a77a7ade0b0dba87cbdae4bd96124e871f8e86e2ce003f9c9f84f86136d9b6,"Fri, 15 May 2020 12:31:12 GMT",0.00,ok,1954062,
adv2005,2020-05,CB20-85,2020-06-16T12:30:00Z,https://www2.census.gov/retail/releases/historical/marts/adv2005.pdf,4073403df07f7013d2d01e180f6642da32b279b75e8b363ad9dd5d408b361efb,"Tue, 16 Jun 2020 12:30:17 GMT",0.00,ok,250480,
adv2006,2020-06,CB20-102,2020-07-16T12:30:00Z,https://www2.census.gov/retail/releases/historical/marts/adv2006.pdf,d9a624f7503d6fe1eee732081c0b662dd695641e7e8980df16d081094b6c5930,"Thu, 16 Jul 2020 12:30:52 GMT",0.00,ok,1954905,
adv2007,2020-07,CB20-118,2020-08-14T12:30:00Z,https://www2.census.gov/retail/releases/historical/marts/adv2007.pdf,e57b5161705e2aa1dc14daa1fc749a30e3213e578b6ca1f1b82780ee57f1b22b,"Fri, 14 Aug 2020 12:30:31 GMT",0.00,ok,321153,
adv2008,2020-08,CB20-136,2020-09-16T12:30:00Z,https://www2.census.gov/retail/releases/historical/marts/adv2008.pdf,b16c467e4a679d5f80dd16f5aa0f2220b63f6c89e47148aede77cd7918ece6d7,"Wed, 16 Sep 2020 12:31:17 GMT",0.00,ok,1530109,
adv2009,2020-09,CB20-159,2020-10-16T12:30:00Z,https://www2.census.gov/retail/releases/historical/marts/adv2009.pdf,466bceca1ff24cb8774b204e4dfa9734449dd61588c28d94a69daef61428ebbe,"Fri, 16 Oct 2020 12:31:10 GMT",0.00,ok,256680,
adv2010,2020-10,CB20-169,2020-11-17T13:30:00Z,https://www2.census.gov/retail/releases/historical/marts/adv2010.pdf,1f38fa19aadb985c26f6683790a8c009566e28b6696195adf12daea384a7cfe9,"Tue, 17 Nov 2020 13:30:38 GMT",0.00,ok,723018,
adv2011,2020-11,CB20-189,2020-12-16T13:30:00Z,https://www2.census.gov/retail/releases/historical/marts/adv2011.pdf,f3b472607048b6ffe1109c97c1026aabf8d646c33c308ca615ba3b308760aea3,"Wed, 16 Dec 2020 13:31:06 GMT",0.00,ok,254423,
adv2012,2020-12,CB21-05,2021-01-15T13:30:00Z,https://www2.census.gov/retail/releases/historical/marts/adv2012.pdf,88ab9628ba599233b4b0f1f88e151aca5aa887d43c11718f7f75d2401fc9f383,"Fri, 15 Jan 2021 13:30:27 GMT",0.00,ok,281580,
adv2101,2021-01,CB21-21,2021-02-17T13:30:00Z,https://www2.census.gov/retail/releases/historical/marts/adv2101.pdf,d38e796d7c8a8754c3dc01beb0b1be558804e45da55dbfc3cb7c58737f4b5ac0,"Wed, 17 Feb 2021 13:32:51 GMT",0.00,ok,327193,
adv2102,2021-02,CB21-36,2021-03-16T12:30:00Z,https://www2.census.gov/retail/releases/historical/marts/adv2102.pdf,bc83e1aee171f9630dcf9f7180b801e73c419bbebd39f6ee69908db342b51d2c,"Tue, 16 Mar 2021 12:30:18 GMT",0.00,ok,303765,
adv2103,2021-03,CB21-54,2021-04-15T12:30:00Z,https://www2.census.gov/retail/releases/historical/marts/adv2103.pdf,9bbbe455eff3fa6dc49ff07220052bca2f0d05d5b3d849177e0e86ebac0f420b,"Mon, 26 Apr 2021 14:00:38 GMT",11.06,possibly_replaced,329760,
adv2104,2021-04,CB21-69,2021-05-14T12:30:00Z,https://www2.census.gov/retail/releases/historical/marts/adv2104.pdf,f42c5fad737b009f89fd9d175750123fc1956d0425f49df112ba9e968a182426,"Fri, 14 May 2021 12:30:38 GMT",0.00,ok,629529,
adv2105,2021-05,CB21-90,2021-06-15T12:30:00Z,https://www2.census.gov/retail/releases/historical/marts/adv2105.pdf,a046693b92ffd0f4203a23a70e46ca13d2311303d009485335c9455ccc781785,"Tue, 15 Jun 2021 12:30:03 GMT",0.00,ok,353181,
adv2106,2021-06,CB21-106,2021-07-16T12:30:00Z,https://www2.census.gov/retail/releases/historical/marts/adv2106.pdf,8ed65b055983f7d131df3201aad0d60787c67169acb3ff40eb169c3702e17a88,"Fri, 16 Jul 2021 12:33:11 GMT",0.00,ok,322825,
adv2107,2021-07,CB21-124,2021-08-17T12:30:00Z,https://www2.census.gov/retail/releases/historical/marts/adv2107.pdf,d306d554e97b2b870e606560ea8d2e5f684923595ca5183c70473ff1b12b5c0f,"Tue, 17 Aug 2021 12:30:10 GMT",0.00,ok,328348,
adv2108,2021-08,CB21-145,2021-09-16T12:30:00Z,https://www2.census.gov/retail/releases/historical/marts/adv2108.pdf,87e72122dea2f53eec1e63ca33f50a0c295e7e06d89e1656b20ff4e47f7cd914,"Thu, 16 Sep 2021 12:30:21 GMT",0.00,ok,330988,
adv2109,2021-09,CB21-160,2021-10-15T12:30:00Z,https://www2.census.gov/retail/releases/historical/marts/adv2109.pdf,3236ebfecc0f4e9cfdc6160fa65febc494f073116a8ddf6bdbde2077a8be3405,"Fri, 15 Oct 2021 12:31:30 GMT",0.00,ok,481714,
adv2110,2021-10,CB21-176,2021-11-16T13:30:00Z,https://www2.census.gov/retail/releases/historical/marts/adv2110.pdf,fca61574d10ce8f88e1f5d0ccec9619f0eeb6beda1ad022fd636a33f7bde4221,"Tue, 16 Nov 2021 13:30:54 GMT",0.00,ok,352112,
adv2111,2021-11,CB21-197,2021-12-15T13:30:00Z,https://www2.census.gov/retail/releases/historical/marts/adv2111.pdf,dcd617847e35561db694e9f89adc37392b4e78c18c66b0ed6556d5045998c07a,"Wed, 15 Dec 2021 15:50:01 GMT",0.10,ok,482057,
adv2112,2021-12,CB22-06,2022-01-14T13:30:00Z,https://www2.census.gov/retail/releases/historical/marts/adv2112.pdf,effab88e1530b3cb59b2d3178a786059352aace4e8c3cb79ab58f8f5a8daaf2e,"Fri, 14 Jan 2022 13:30:19 GMT",0.00,ok,351203,
adv2201,2022-01,CB22-21,2022-02-16T13:30:00Z,https://www2.census.gov/retail/releases/historical/marts/adv2201.pdf,b39c96aa5ee0074035ce9197640ff9d92bb968169556e3d7a8bcefcd0f78d744,"Wed, 16 Feb 2022 13:31:03 GMT",0.00,ok,635388,
adv2202,2022-02,CB22-41,2022-03-16T12:30:00Z,https://www2.census.gov/retail/releases/historical/marts/adv2202.pdf,adb8f77624b861f9a16288474b450351ac237d31bacb10929364db0914275d45,"Wed, 16 Mar 2022 12:30:04 GMT",0.00,ok,331114,
adv2203,2022-03,CB22-59,2022-04-14T12:30:00Z,https://www2.census.gov/retail/releases/historical/marts/adv2203.pdf,27ad9de8e1af11a796da6f68149be480b6c414123d51c7ff09f6aa269c28d871,"Mon, 25 Apr 2022 14:00:42 GMT",11.06,possibly_replaced,657436,
adv2204,2022-04,CB22-74,2022-05-17T12:30:00Z,https://www2.census.gov/retail/releases/historical/marts/adv2204.pdf,b3aaaf492273611b9148fe1d38bef5ffc81571f3ec0d17fab958a6c0f55e0246,"Tue, 17 May 2022 12:30:06 GMT",0.00,ok,382760,
adv2205,2022-05,CB22-98,2022-06-15T12:30:00Z,https://www2.census.gov/retail/releases/historical/marts/adv2205.pdf,bd6c7226dddef4b9614ef711c0653a3cb6430a085452484333a4852bf21e21b5,"Wed, 15 Jun 2022 12:32:15 GMT",0.00,ok,685643,
adv2206,2022-06,CB22-113,2022-07-15T12:30:00Z,https://www2.census.gov/retail/releases/historical/marts/adv2206.pdf,d2b5ba1556a1aeae401df642efd190261fe61812ac58ae59730311be02474969,"Fri, 15 Jul 2022 12:30:23 GMT",0.00,ok,378899,
adv2207,2022-07,CB22-128,2022-08-17T12:30:00Z,https://www2.census.gov/retail/releases/historical/marts/adv2207.pdf,3f8856b9a93d1790526ea6b09f0e9416e262ed317c53d1851b6074d0b09fff68,"Wed, 17 Aug 2022 12:30:04 GMT",0.00,ok,679506,
adv2208,2022-08,CB22-150,2022-09-15T12:30:00Z,https://www2.census.gov/retail/releases/historical/marts/adv2208.pdf,f557eb2df8bd4382abd8085c36df2a3c2aedc504b217247b7d696f954182fd6c,"Thu, 13 Oct 2022 15:06:43 GMT",28.11,possibly_replaced,686166,
adv2209,2022-09,CB22-167,2022-10-14T12:30:00Z,https://www2.census.gov/retail/releases/historical/marts/adv2209.pdf,f537af1383f47e0844124afbd4335417ec91995e62d366d8dcc19c24cb0b864b,"Fri, 14 Oct 2022 12:30:11 GMT",0.00,ok,678711,
adv2210,2022-10,CB22-184,2022-11-16T13:30:00Z,https://www2.census.gov/retail/releases/historical/marts/adv2210.pdf,6527fa53e28421367e7795a521aaf34e09de4f28ffa3b8d6527255ba9023b681,"Wed, 16 Nov 2022 13:30:04 GMT",0.00,ok,680537,
adv2211,2022-11,CB22-204,2022-12-15T13:30:00Z,https://www2.census.gov/retail/releases/historical/marts/adv2211.pdf,af20655e112ebe23d786ef92834d8e1ab5889763a7f656a2fcb5396a6a7b0fee,"Thu, 15 Dec 2022 13:32:27 GMT",0.00,ok,380322,
adv2212,2022-12,CB23-06,2023-01-18T13:30:00Z,https://www2.census.gov/retail/releases/historical/marts/adv2212.pdf,3cdb8dde8e7b93762679432140b15ad40dd1593ecbdc2a9956b2d805edd3e242,"Wed, 18 Jan 2023 13:30:16 GMT",0.00,ok,325330,
adv2301,2023-01,CB23-20,2023-02-15T13:30:00Z,https://www2.census.gov/retail/releases/historical/marts/adv2301.pdf,864fda9fac32b8d0938bea3b385dce58b6f20f3216c58e7a8a645b703e0d8fcc,"Wed, 15 Feb 2023 13:30:28 GMT",0.00,ok,833516,
adv2302,2023-02,CB23-36,2023-03-15T12:30:00Z,https://www2.census.gov/retail/releases/historical/marts/adv2302.pdf,97501b8611e62bda7554dd7110fd8e42910f45d1ba2720c25dd98a44f608e9ba,"Wed, 15 Mar 2023 12:30:49 GMT",0.00,ok,325569,
adv2303,2023-03,CB23-55,2023-04-14T12:30:00Z,https://www2.census.gov/retail/releases/historical/marts/adv2303.pdf,b0b256145039cca7e8bc5538e6a98a4d30cadec34916b78d75202cc881073ee1,"Mon, 24 Apr 2023 14:01:27 GMT",10.06,possibly_replaced,323928,
adv2304,2023-04,CB23-75,2023-05-16T12:30:00Z,https://www2.census.gov/retail/releases/historical/marts/adv2304.pdf,e2789290b90a6e8914985b3355a5bd36bfba95995957c43d3dcb94397a263e4c,"Tue, 16 May 2023 12:30:18 GMT",0.00,ok,684735,
adv2305,2023-05,CB23-93,2023-06-15T12:30:00Z,https://www2.census.gov/retail/releases/historical/marts/adv2305.pdf,0a0a5df5a9d1287829b24d470407a636773d62242e86728cef3afb05a3ef0960,"Thu, 15 Jun 2023 12:30:03 GMT",0.00,ok,1628170,
adv2306,2023-06,CB23-112,2023-07-18T12:30:00Z,https://www2.census.gov/retail/releases/historical/marts/adv2306.pdf,5be0b2085608e0990aab5e2182b97362d1af55c3522600272abba2e62c8f40b2,"Tue, 18 Jul 2023 12:30:40 GMT",0.00,ok,387227,
adv2307,2023-07,CB23-127,2023-08-15T12:30:00Z,https://www2.census.gov/retail/releases/historical/marts/adv2307.pdf,3c592fb000f0309e826396ec4af8ac64d3d6966865e8b63b55db03891ea41c3b,"Tue, 15 Aug 2023 12:30:27 GMT",0.00,ok,325634,
adv2308,2023-08,CB23-148,2023-09-14T12:30:00Z,https://www2.census.gov/retail/releases/historical/marts/adv2308.pdf,f9e5110400bcb5f1fd58bc01d1e3c7656d7336ae4cc5608f426e89b0b651dad2,"Thu, 14 Sep 2023 12:30:18 GMT",0.00,ok,623024,
adv2309,2023-09,CB23-169,2023-10-17T12:30:00Z,https://www2.census.gov/retail/releases/historical/marts/adv2309.pdf,fd016e2d58b4dc3b431abf7e451903fb0ae0752a6709b836f01966707dddb0e8,"Tue, 17 Oct 2023 12:30:06 GMT",0.00,ok,325529,
adv2310,2023-10,CB23-185,2023-11-15T13:30:00Z,https://www2.census.gov/retail/releases/historical/marts/adv2310.pdf,c7dd475c62d7d64be5bdb35601e6f0961470d9ace3b48b7cafb7c7bfdf0654ff,"Wed, 15 Nov 2023 13:30:12 GMT",0.00,ok,1628756,
adv2311,2023-11,CB23-206,2023-12-14T13:30:00Z,https://www2.census.gov/retail/releases/historical/marts/adv2311.pdf,9328fbe8e5327cd365fc28ce90c97cfbaa0cdbcd30338e5fb7fcfffc021e3f05,"Thu, 14 Dec 2023 13:30:29 GMT",0.00,ok,1627710,
adv2312,2023-12,CB24-05,2024-01-17T13:30:00Z,https://www2.census.gov/retail/releases/historical/marts/adv2312.pdf,c249b373a15c6bb54c40ca6f6b65c295544de496c9944b133c0bb48c6a91552f,"Wed, 17 Jan 2024 13:30:21 GMT",0.00,ok,1197729,
adv2401,2024-01,CB24-22,2024-02-15T13:30:00Z,https://www2.census.gov/retail/releases/historical/marts/adv2401.pdf,046de151734059c6e34fdc4f096b6dc2ee5dc801462075de695c96e2a7b95fb1,"Thu, 15 Feb 2024 13:30:04 GMT",0.00,ok,1198433,
adv2402,2024-02,CB24-40,2024-03-14T12:30:00Z,https://www2.census.gov/retail/releases/historical/marts/adv2402.pdf,78009b610a23ca760b91a98c9c9856584a9a076ad0f7a1f7986bb5ca1babb3fb,"Thu, 14 Mar 2024 12:30:16 GMT",0.00,ok,1199253,
adv2403,2024-03,CB24-58,2024-04-15T12:30:00Z,https://www2.census.gov/retail/releases/historical/marts/adv2403.pdf,58c6e9057fe48d19f64139378d441cf67f54a012d89b5683cdb2aab4917edd66,"Tue, 23 Apr 2024 14:01:24 GMT",8.06,possibly_replaced,286528,
adv2404,2024-04,CB24-74,2024-05-15T12:30:00Z,https://www2.census.gov/retail/releases/historical/marts/adv2404.pdf,cec5ad7576f32419f4fb7a7b3f17022856e000ffd776de7c6c7c97128d79c646,"Wed, 15 May 2024 12:30:02 GMT",0.00,ok,1636040,
adv2405,2024-05,CB24-92,2024-06-18T12:30:00Z,https://www2.census.gov/retail/releases/historical/marts/adv2405.pdf,96f2e5c5b2b03c2d0d1de71e84332f400c345dad9d8c62a33f4ca8cc3340b53b,"Tue, 18 Jun 2024 12:30:11 GMT",0.00,ok,1137566,
adv2406,2024-06,CB24-110,2024-07-16T12:30:00Z,https://www2.census.gov/retail/releases/historical/marts/adv2406.pdf,9b25aa36163643ad2e65d8c6e211cfb5e7326ee2c1a46438a8fe99c34326017d,"Tue, 16 Jul 2024 12:30:36 GMT",0.00,ok,326576,
adv2407,2024-07,CB24-126,2024-08-15T12:30:00Z,https://www2.census.gov/retail/releases/historical/marts/adv2407.pdf,4530d31069e5b71b972abfea4783f7cd78c934a1feb4431e4e72c5598ca584d1,"Thu, 15 Aug 2024 12:30:35 GMT",0.00,ok,277796,
adv2408,2024-08,CB24-152,2024-09-17T12:30:00Z,https://www2.census.gov/retail/releases/historical/marts/adv2408.pdf,ff1d0e3420da7cf9a851d45f5f1341bcf2e71f0b38c04190216d7503854664af,"Tue, 17 Sep 2024 12:30:22 GMT",0.00,ok,585627,
adv2409,2024-09,CB24-166,2024-10-17T12:30:00Z,https://www2.census.gov/retail/releases/historical/marts/adv2409.pdf,2a1e0b6a27540343763304c3fab4ab446630668855c7f78a776422cf15e22b45,"Thu, 17 Oct 2024 12:31:18 GMT",0.00,ok,1591229,
adv2410,2024-10,CB24-184,2024-11-15T13:30:00Z,https://www2.census.gov/retail/releases/historical/marts/adv2410.pdf,debba0f7730f4835e3cf00a34bf07d1abb045730abd40aa3a96889972e23bd4a,"Fri, 15 Nov 2024 13:30:46 GMT",0.00,ok,278891,
adv2411,2024-11,CB24-201,2024-12-17T13:30:00Z,https://www2.census.gov/retail/releases/historical/marts/adv2411.pdf,f8a28e2c71ee93799ba06bf8d764517b8081ede39b3faf92189aa9ad33e240de,"Tue, 17 Dec 2024 13:31:31 GMT",0.00,ok,283180,
adv2412,2024-12,CB25-08,2025-01-16T13:30:00Z,https://www2.census.gov/retail/releases/historical/marts/adv2412.pdf,a82b661263e4d202849ffbda5283e59e9eb078983b49b241f926c79303acf48e,"Thu, 16 Jan 2025 13:31:11 GMT",0.00,ok,282384,
adv2501,2025-01,CB25-24,2025-02-14T13:30:00Z,https://www2.census.gov/retail/releases/historical/marts/adv2501.pdf,0471d804717d1426e64c897bef5e932de4c44858765738226c7a77eb8ea0cab5,"Fri, 14 Feb 2025 13:31:10 GMT",0.00,ok,281241,
adv2502,2025-02,CB25-36,2025-03-17T12:30:00Z,https://www2.census.gov/retail/releases/historical/marts/adv2502.pdf,4e66d9431ce1c88422f9834b6a416b9b452533b3c2c4973b63e27c92a234004f,"Mon, 17 Mar 2025 12:30:16 GMT",0.00,ok,299639,
adv2503,2025-03,CB25-54,2025-04-16T12:30:00Z,https://www2.census.gov/retail/releases/historical/marts/adv2503.pdf,a6fbf845951550a65c499812f99937e6bc1516271b2c999a0e20e23b229599ba,"Fri, 25 Apr 2025 14:01:08 GMT",9.06,possibly_replaced,283862,
adv2504,2025-04,CB25-73,2025-05-15T12:30:00Z,https://www2.census.gov/retail/releases/historical/marts/adv2504.pdf,68bd5cd6c4c3d6a4130cf0b645845e34129f5a9e79a092cf8829eb3ed6981bdb,"Thu, 15 May 2025 15:00:36 GMT",0.10,ok,278951,
adv2505,2025-05,CB25-87,2025-06-17T12:30:00Z,https://www2.census.gov/retail/releases/historical/marts/adv2505.pdf,1d96c3170cec8d76ddea315f0c1b6688fdb1141e0d0a00f1048c819bf2d8e9f6,"Tue, 17 Jun 2025 12:45:25 GMT",0.01,ok,279408,
adv2506,2025-06,CB25-106,2025-07-17T12:30:00Z,https://www2.census.gov/retail/releases/historical/marts/adv2506.pdf,d90dbe4a3e2ec531af675830b6fca9bcca90f404fcbacf39d8e53675c91fa4d2,"Thu, 17 Jul 2025 12:45:27 GMT",0.01,ok,262487,
adv2507,2025-07,CB25-120,2025-08-15T12:30:00Z,https://www2.census.gov/retail/releases/historical/marts/adv2507.pdf,b38c2622498a6373ea768ae707810c1c146cd4b49423ca26875c9d220e776864,"Fri, 15 Aug 2025 12:45:25 GMT",0.01,ok,332811,
adv2508,2025-08,CB25-137,2025-09-16T12:30:00Z,https://www2.census.gov/retail/releases/historical/marts/adv2508.pdf,a5bee0d078b699334395cb5f9ef8a7895cf998369291b36f2e213e47e1c62cf9,"Tue, 16 Sep 2025 12:45:24 GMT",0.01,ok,278933,
adv2509,2025-09,CB25-158,2025-11-25T13:30:00Z,https://www2.census.gov/retail/releases/historical/marts/adv2509.pdf,824de3bae3137b0b18dbee9478597a13ecbc120fcd0d885f0e4c3b14ccbb7448,"Tue, 25 Nov 2025 13:45:25 GMT",0.01,ok,288615,
adv2510,2025-10,CB25-169,2025-12-16T13:30:00Z,https://www2.census.gov/retail/releases/historical/marts/adv2510.pdf,a2ff4417a8ae73ed7483d3725006e609526973b4a02ae10ab94e7bc77aca4065,"Tue, 16 Dec 2025 13:45:44 GMT",0.01,ok,277855,
adv2511,2025-11,CB26-04,2026-01-14T13:30:00Z,https://www2.census.gov/retail/releases/historical/marts/adv2511.pdf,b003b8bab03822265de3546da540702d7ac55875482318850ba7edf02842ad1c,"Wed, 14 Jan 2026 13:45:37 GMT",0.01,ok,228459,
adv2512,2025-12,CB26-26,2026-02-10T13:30:00Z,https://www2.census.gov/retail/releases/historical/marts/adv2512.pdf,b3ea505560841c8705ff851cad4ce860ff4a1f897a67660a8bbe1e2e2545bb82,"Tue, 10 Feb 2026 13:46:08 GMT",0.01,ok,228104,
adv2601,2026-01,CB26-40,2026-03-06T13:30:00Z,https://www2.census.gov/retail/releases/historical/marts/adv2601.pdf,f7bbacf6e56043ef8cc3ab830c502f157f3c6160813d2737709a5b8f8cf12866,"Fri, 06 Mar 2026 13:45:27 GMT",0.01,ok,434334,
adv2602,2026-02,CB26-52,2026-04-01T12:30:00Z,https://www2.census.gov/retail/releases/historical/marts/adv2602.pdf,fe81c4981160da66b00389e4c1d2ad7613754fcb47e6cde6a4f253fddbecc291,"Wed, 01 Apr 2026 12:32:48 GMT",0.00,ok,337188,
adv2603,2026-03,CB26-63,2026-04-21T12:30:00Z,https://www2.census.gov/retail/releases/historical/marts/adv2603.pdf,5891370e244910ac38ab6f24ca173b4aaf179608176b77a88914d0ad4801eec3,"Tue, 21 Apr 2026 12:45:24 GMT",0.01,ok,463618,
adv2604,2026-04,CB26-78,2026-05-14T12:30:00Z,https://www2.census.gov/retail/releases/historical/marts/adv2604.pdf,23e7f0b629724e3cbafbb0e0b6e300210cf65e4ce5b8c1c8935631ef07a19794,"Thu, 14 May 2026 12:45:38 GMT",0.01,ok,337276,
adv2605,2026-05,CB26-97,2026-06-17T12:30:00Z,https://www2.census.gov/retail/releases/historical/marts/adv2605.pdf,44dc232db43c1d2d6f7244e832b6293c7817a0855b45d1d0ca17a3536cda9382,"Wed, 15 Jul 2026 11:00:28 GMT",27.94,possibly_replaced,439812,
adv2606,2026-06,CB26-113,2026-07-16T12:30:00Z,https://www2.census.gov/retail/releases/historical/marts/adv2606.pdf,64a4bf804b7d233d7330912f2e298d4cbe34348ae92bb0997bca5e4810ebaa01,"Fri, 14 Aug 2026 12:01:22 GMT",28.98,possibly_replaced,377171,
