fiscal_year,fiscal_quarter,period_end,release_accession,cutoff_utc,cutoff_et,target_fiscal_year,target_fiscal_quarter,target_release_accession,target_release_accepted_utc,is_calibration,origin_window,pandemic_flag,prior_10q_form,prior_10q_accession,prior_10q_accepted_utc,prior_10q_eligible,same_q_10q_form,same_q_10q_accession,same_q_10q_accepted_utc,same_q_10q_hours_after_cutoff,same_q_10q_eligible,booking_accession,booking_accepted_utc,booking_age_days,booking_eligible,census_release,census_reference_month,census_publication_utc,census_age_days,census_status,status,exclusion_reasons
2017,1,2016-12-31,0001403161-17-000010,2017-02-02T21:10:32Z,2017-02-02 16:10:32 EST,2017,2,0001403161-17-000026,2017-04-20T20:10:36Z,true,none,false,10-K,0001403161-16-000058,2016-11-15T21:44:02Z,true,10-Q,0001403161-17-000011,2017-02-02T21:13:41Z,0.05,false,0001075531-16-000116,2016-11-07T21:02:42Z,87.0,true,adv1612,2016-12,2017-01-13T13:30:00Z,20.3,eligible,calibration_only,
2017,2,2017-03-31,0001403161-17-000026,2017-04-20T20:10:36Z,2017-04-20 16:10:36 EDT,2017,3,0001403161-17-000036,2017-07-20T20:09:25Z,true,none,false,10-Q,0001403161-17-000011,2017-02-02T21:13:41Z,true,10-Q,0001403161-17-000028,2017-04-21T12:25:29Z,16.25,false,0001075531-17-000007,2017-02-27T21:04:21Z,52.0,true,adv1703,2017-03,2017-04-14T12:30:00Z,6.3,eligible,calibration_only,
2017,3,2017-06-30,0001403161-17-000036,2017-07-20T20:09:25Z,2017-07-20 16:09:25 EDT,2017,4,0001403161-17-000041,2017-10-25T10:03:39Z,true,none,false,10-Q,0001403161-17-000028,2017-04-21T12:25:29Z,true,10-Q,0001403161-17-000037,2017-07-20T20:12:42Z,0.05,false,0001075531-17-000016,2017-05-09T20:04:34Z,72.0,true,adv1706,2017-06,2017-07-14T12:30:00Z,6.3,eligible,calibration_only,
2017,4,2017-09-30,0001403161-17-000041,2017-10-25T10:03:39Z,2017-10-25 06:03:39 EDT,2018,1,0001403161-18-000008,2018-02-01T21:11:31Z,true,none,false,10-Q,0001403161-17-000037,2017-07-20T20:12:42Z,true,10-K,0001403161-17-000044,2017-11-17T01:07:25Z,543.06,false,0001075531-17-000027,2017-08-08T20:03:53Z,77.6,true,adv1709,2017-09,2017-10-13T12:30:00Z,11.9,eligible,calibration_only,
2018,1,2017-12-31,0001403161-18-000008,2018-02-01T21:11:31Z,2018-02-01 16:11:31 EST,2018,2,0001403161-18-000018,2018-04-25T20:05:23Z,true,none,false,10-K,0001403161-17-000044,2017-11-17T01:07:25Z,true,10-Q,0001403161-18-000009,2018-02-01T21:15:13Z,0.06,false,0001075531-17-000038,2017-11-07T17:15:58Z,86.2,true,adv1712,2017-12,2018-01-12T13:30:00Z,20.3,eligible,calibration_only,
2018,2,2018-03-31,0001403161-18-000018,2018-04-25T20:05:23Z,2018-04-25 16:05:23 EDT,2018,3,0001403161-18-000030,2018-07-25T20:05:30Z,true,none,false,10-Q,0001403161-18-000009,2018-02-01T21:15:13Z,true,10-Q,0001403161-18-000020,2018-04-27T20:06:38Z,48.02,false,0001075531-18-000013,2018-02-27T21:08:00Z,57.0,true,adv1803,2018-03,2018-04-16T12:30:00Z,9.3,eligible,calibration_only,
2018,3,2018-06-30,0001403161-18-000030,2018-07-25T20:05:30Z,2018-07-25 16:05:30 EDT,2018,4,0001403161-18-000052,2018-10-24T20:05:37Z,true,none,false,10-Q,0001403161-18-000020,2018-04-27T20:06:38Z,true,10-Q,0001403161-18-000034,2018-07-27T20:06:49Z,48.02,false,0001075531-18-000028,2018-05-09T20:04:59Z,77.0,true,adv1806,2018-06,2018-07-16T12:30:00Z,9.3,eligible,calibration_only,
2018,4,2018-09-30,0001403161-18-000052,2018-10-24T20:05:37Z,2018-10-24 16:05:37 EDT,2019,1,0001403161-19-000002,2019-01-30T21:05:27Z,true,none,false,10-Q,0001403161-18-000034,2018-07-27T20:06:49Z,true,10-K,0001403161-18-000055,2018-11-16T21:10:27Z,553.08,false,0001075531-18-000042,2018-08-09T11:52:56Z,76.3,true,adv1809,2018-09,2018-10-15T12:30:00Z,9.3,eligible,calibration_only,
2019,1,2018-12-31,0001403161-19-000002,2019-01-30T21:05:27Z,2019-01-30 16:05:27 EST,2019,2,0001403161-19-000014,2019-04-24T20:04:01Z,true,none,false,10-K,0001403161-18-000055,2018-11-16T21:10:27Z,true,10-Q,0001403161-19-000005,2019-01-31T21:16:27Z,24.18,false,0001075531-18-000049,2018-11-05T21:04:08Z,86.0,true,adv1811,2018-11,2018-12-14T13:30:00Z,47.3,eligible,calibration_only,
2019,2,2019-03-31,0001403161-19-000014,2019-04-24T20:04:01Z,2019-04-24 16:04:01 EDT,2019,3,0001403161-19-000026,2019-07-23T20:02:50Z,true,none,false,10-Q,0001403161-19-000005,2019-01-31T21:16:27Z,true,10-Q,0001403161-19-000017,2019-04-26T20:06:57Z,48.05,false,0001075531-19-000007,2019-02-27T21:07:08Z,56.0,true,adv1903,2019-03,2019-04-18T12:30:00Z,6.3,eligible,calibration_only,
2019,3,2019-06-30,0001403161-19-000026,2019-07-23T20:02:50Z,2019-07-23 16:02:50 EDT,2019,4,0001403161-19-000042,2019-10-24T20:10:57Z,true,none,false,10-Q,0001403161-19-000017,2019-04-26T20:06:57Z,true,10-Q,0001403161-19-000030,2019-07-26T20:07:11Z,72.07,false,0001075531-19-000018,2019-05-09T20:05:06Z,75.0,true,adv1906,2019-06,2019-07-16T12:30:00Z,7.3,eligible,calibration_only,
2019,4,2019-09-30,0001403161-19-000042,2019-10-24T20:10:57Z,2019-10-24 16:10:57 EDT,2020,1,0001403161-20-000010,2020-01-30T21:07:20Z,true,none,false,10-Q,0001403161-19-000030,2019-07-26T20:07:11Z,true,10-K,0001403161-19-000050,2019-11-14T20:35:00Z,504.40,false,0001075531-19-000042,2019-08-07T20:07:23Z,78.0,true,adv1909,2019-09,2019-10-16T12:30:00Z,8.3,eligible,calibration_only,
2020,1,2019-12-31,0001403161-20-000010,2020-01-30T21:07:20Z,2020-01-30 16:07:20 EST,2020,2,0001403161-20-000024,2020-04-30T20:01:39Z,true,none,true,10-K,0001403161-19-000050,2019-11-14T20:35:00Z,true,10-Q,0001403161-20-000012,2020-01-31T21:06:01Z,23.98,false,0001075531-19-000062,2019-11-07T21:03:43Z,84.0,true,adv1912,2019-12,2020-01-16T13:30:00Z,14.3,eligible,calibration_only,
2020,2,2020-03-31,0001403161-20-000024,2020-04-30T20:01:39Z,2020-04-30 16:01:39 EDT,2020,3,0001403161-20-000043,2020-07-28T20:05:10Z,true,none,true,10-Q,0001403161-20-000012,2020-01-31T21:06:01Z,true,10-Q,0001403161-20-000028,2020-05-04T13:04:51Z,89.05,false,0001075531-20-000009,2020-02-26T21:04:41Z,64.0,true,adv2003,2020-03,2020-04-15T12:30:00Z,15.3,eligible,calibration_only,
2020,3,2020-06-30,0001403161-20-000043,2020-07-28T20:05:10Z,2020-07-28 16:05:10 EDT,2020,4,0001403161-20-000061,2020-10-28T20:03:00Z,true,none,true,10-Q,0001403161-20-000028,2020-05-04T13:04:51Z,true,10-Q,0001403161-20-000048,2020-07-31T01:38:58Z,53.56,false,0001075531-20-000025,2020-05-07T20:05:09Z,82.0,true,adv2006,2020-06,2020-07-16T12:30:00Z,12.3,eligible,calibration_only,
2020,4,2020-09-30,0001403161-20-000061,2020-10-28T20:03:00Z,2020-10-28 16:03:00 EDT,2021,1,0001403161-21-000009,2021-01-28T21:02:48Z,true,none,true,10-Q,0001403161-20-000048,2020-07-31T01:38:58Z,true,10-K,0001403161-20-000070,2020-11-19T21:03:34Z,529.01,false,0001075531-20-000048,2020-08-06T20:03:30Z,83.0,true,adv2009,2020-09,2020-10-16T12:30:00Z,12.3,eligible,calibration_only,
2021,1,2020-12-31,0001403161-21-000009,2021-01-28T21:02:48Z,2021-01-28 16:02:48 EST,2021,2,0001403161-21-000023,2021-04-27T20:06:08Z,true,none,true,10-K,0001403161-20-000070,2020-11-19T21:03:34Z,true,10-Q,0001403161-21-000012,2021-01-29T21:02:28Z,23.99,false,0001075531-20-000071,2020-11-05T21:05:30Z,84.0,true,adv2012,2020-12,2021-01-15T13:30:00Z,13.3,eligible,calibration_only,
2021,2,2021-03-31,0001403161-21-000023,2021-04-27T20:06:08Z,2021-04-27 16:06:08 EDT,2021,3,0001403161-21-000038,2021-07-27T20:40:27Z,true,none,true,10-Q,0001403161-21-000012,2021-01-29T21:02:28Z,true,10-Q,0001403161-21-000029,2021-04-29T20:06:43Z,48.01,false,0001075531-21-000016,2021-02-24T21:17:52Z,62.0,true,adv2103,2021-03,2021-04-15T12:30:00Z,12.3,eligible,calibration_only,
2021,3,2021-06-30,0001403161-21-000038,2021-07-27T20:40:27Z,2021-07-27 16:40:27 EDT,2021,4,0001403161-21-000056,2021-10-26T20:06:19Z,true,none,true,10-Q,0001403161-21-000029,2021-04-29T20:06:43Z,true,10-Q,0001403161-21-000042,2021-07-29T20:03:32Z,47.38,false,0001075531-21-000028,2021-05-05T20:06:38Z,83.0,true,adv2106,2021-06,2021-07-16T12:30:00Z,11.3,eligible,calibration_only,
2021,4,2021-09-30,0001403161-21-000056,2021-10-26T20:06:19Z,2021-10-26 16:06:19 EDT,2022,1,0001403161-22-000009,2022-01-27T21:08:07Z,true,none,true,10-Q,0001403161-21-000042,2021-07-29T20:03:32Z,true,10-K,0001403161-21-000060,2021-11-18T21:06:50Z,553.01,false,0001075531-21-000042,2021-08-04T20:04:59Z,83.0,true,adv2109,2021-09,2021-10-15T12:30:00Z,11.3,eligible,calibration_only,
2022,1,2021-12-31,0001403161-22-000009,2022-01-27T21:08:07Z,2022-01-27 16:08:07 EST,2022,2,0001403161-22-000023,2022-04-26T20:05:54Z,true,extension,false,10-K,0001403161-21-000060,2021-11-18T21:06:50Z,true,10-Q,0001403161-22-000013,2022-01-28T21:06:16Z,23.97,false,0001075531-21-000051,2021-11-03T20:05:18Z,85.0,true,adv2112,2021-12,2022-01-14T13:30:00Z,13.3,eligible,candidate,
2022,2,2022-03-31,0001403161-22-000023,2022-04-26T20:05:54Z,2022-04-26 16:05:54 EDT,2022,3,0001403161-22-000055,2022-07-26T20:05:57Z,true,extension,false,10-Q,0001403161-22-000013,2022-01-28T21:06:16Z,true,10-Q,0001403161-22-000027,2022-04-28T20:07:54Z,48.03,false,0001075531-22-000006,2022-02-23T21:04:06Z,62.0,true,adv2203,2022-03,2022-04-14T12:30:00Z,12.3,eligible,candidate,
2022,3,2022-06-30,0001403161-22-000055,2022-07-26T20:05:57Z,2022-07-26 16:05:57 EDT,2022,4,0001403161-22-000076,2022-10-25T20:05:34Z,true,extension,false,10-Q,0001403161-22-000027,2022-04-28T20:07:54Z,true,10-Q,0001403161-22-000058,2022-07-28T20:04:21Z,47.97,false,0001075531-22-000020,2022-05-04T20:05:16Z,83.0,true,adv2206,2022-06,2022-07-15T12:30:00Z,11.3,eligible,candidate,
2022,4,2022-09-30,0001403161-22-000076,2022-10-25T20:05:34Z,2022-10-25 16:05:34 EDT,2023,1,0001403161-23-000010,2023-01-26T21:05:49Z,true,extension,false,10-Q,0001403161-22-000058,2022-07-28T20:04:21Z,true,10-K,0001403161-22-000081,2022-11-16T21:06:43Z,529.02,false,0001075531-22-000031,2022-08-03T20:05:51Z,83.0,true,adv2209,2022-09,2022-10-14T12:30:00Z,11.3,eligible,candidate,
2023,1,2022-12-31,0001403161-23-000010,2023-01-26T21:05:49Z,2023-01-26 16:05:49 EST,2023,2,0001403161-23-000027,2023-04-25T20:05:31Z,true,extension,false,10-K,0001403161-22-000081,2022-11-16T21:06:43Z,true,10-Q,0001403161-23-000013,2023-01-27T21:05:51Z,24.00,false,0001075531-22-000042,2022-11-02T20:04:34Z,85.0,true,adv2212,2022-12,2023-01-18T13:30:00Z,8.3,eligible,candidate,
2023,2,2023-03-31,0001403161-23-000027,2023-04-25T20:05:31Z,2023-04-25 16:05:31 EDT,2023,3,0001403161-23-000069,2023-07-25T20:05:51Z,true,extension,false,10-Q,0001403161-23-000013,2023-01-27T21:05:51Z,true,10-Q,0001403161-23-000031,2023-04-26T21:36:19Z,25.51,false,0001075531-23-000012,2023-02-23T21:03:09Z,61.0,true,adv2303,2023-03,2023-04-14T12:30:00Z,11.3,eligible,candidate,
2023,3,2023-06-30,0001403161-23-000069,2023-07-25T20:05:51Z,2023-07-25 16:05:51 EDT,2023,4,0001403161-23-000092,2023-10-24T20:05:35Z,true,extension,false,10-Q,0001403161-23-000031,2023-04-26T21:36:19Z,true,10-Q,0001403161-23-000072,2023-07-25T22:21:55Z,2.27,false,0001075531-23-000029,2023-05-04T20:02:40Z,82.0,true,adv2306,2023-06,2023-07-18T12:30:00Z,7.3,eligible,candidate,
2023,4,2023-09-30,0001403161-23-000092,2023-10-24T20:05:35Z,2023-10-24 16:05:35 EDT,2024,1,0001403161-24-000013,2024-01-25T21:05:41Z,true,extension,false,10-Q,0001403161-23-000072,2023-07-25T22:21:55Z,true,10-K,0001403161-23-000099,2023-11-15T21:07:14Z,529.03,false,0001075531-23-000045,2023-08-03T20:03:30Z,82.0,true,adv2309,2023-09,2023-10-17T12:30:00Z,7.3,eligible,candidate,
2024,1,2023-12-31,0001403161-24-000013,2024-01-25T21:05:41Z,2024-01-25 16:05:41 EST,2024,2,0001403161-24-000027,2024-04-23T20:05:39Z,false,primary,false,10-K,0001403161-23-000099,2023-11-15T21:07:14Z,true,10-Q,0001403161-24-000016,2024-01-25T23:17:40Z,2.20,false,0001075531-23-000060,2023-11-02T20:03:41Z,84.0,true,adv2312,2023-12,2024-01-17T13:30:00Z,8.3,eligible,candidate,
2024,2,2024-03-31,0001403161-24-000027,2024-04-23T20:05:39Z,2024-04-23 16:05:39 EDT,2024,3,0001403161-24-000040,2024-07-23T20:05:38Z,false,primary,false,10-Q,0001403161-24-000016,2024-01-25T23:17:40Z,true,10-Q,0001403161-24-000030,2024-04-23T22:06:59Z,2.02,false,0001075531-24-000011,2024-02-22T21:01:50Z,61.0,true,adv2403,2024-03,2024-04-15T12:30:00Z,8.3,eligible,candidate,
2024,3,2024-06-30,0001403161-24-000040,2024-07-23T20:05:38Z,2024-07-23 16:05:38 EDT,2024,4,0001403161-24-000053,2024-10-29T20:06:08Z,false,primary,false,10-Q,0001403161-24-000030,2024-04-23T22:06:59Z,true,10-Q,0001403161-24-000041,2024-07-23T22:12:59Z,2.12,false,0001075531-24-000026,2024-05-02T20:02:05Z,82.0,true,adv2406,2024-06,2024-07-16T12:30:00Z,7.3,eligible,candidate,
2024,4,2024-09-30,0001403161-24-000053,2024-10-29T20:06:08Z,2024-10-29 16:06:08 EDT,2025,1,0001403161-25-000016,2025-01-30T21:05:52Z,false,primary,false,10-Q,0001403161-24-000041,2024-07-23T22:12:59Z,true,10-K,0001403161-24-000058,2024-11-13T22:14:01Z,362.13,false,0001075531-24-000039,2024-08-01T20:04:34Z,89.0,true,adv2409,2024-09,2024-10-17T12:30:00Z,12.3,eligible,candidate,
2025,1,2024-12-31,0001403161-25-000016,2025-01-30T21:05:52Z,2025-01-30 16:05:52 EST,2025,2,0001403161-25-000035,2025-04-29T20:05:41Z,false,primary,false,10-K,0001403161-24-000058,2024-11-13T22:14:01Z,true,10-Q,0001403161-25-000017,2025-01-30T23:06:50Z,2.02,false,0001075531-24-000047,2024-10-30T20:04:19Z,92.0,true,adv2412,2024-12,2025-01-16T13:30:00Z,14.3,eligible,candidate,
2025,2,2025-03-31,0001403161-25-000035,2025-04-29T20:05:41Z,2025-04-29 16:05:41 EDT,2025,3,0001403161-25-000051,2025-07-29T20:06:16Z,false,primary,false,10-Q,0001403161-25-000017,2025-01-30T23:06:50Z,true,10-Q,0001403161-25-000037,2025-04-29T22:07:21Z,2.03,false,0001075531-25-000021,2025-04-29T20:04:30Z,0.0,true,adv2503,2025-03,2025-04-16T12:30:00Z,13.3,eligible,candidate,
2025,3,2025-06-30,0001403161-25-000051,2025-07-29T20:06:16Z,2025-07-29 16:06:16 EDT,2025,4,0001403161-25-000077,2025-10-28T20:06:03Z,false,primary,false,10-Q,0001403161-25-000037,2025-04-29T22:07:21Z,true,10-Q,0001403161-25-000052,2025-07-29T22:06:21Z,2.00,false,0001075531-25-000035,2025-07-29T20:02:23Z,0.0,true,adv2506,2025-06,2025-07-17T12:30:00Z,12.3,eligible,candidate,
2025,4,2025-09-30,0001403161-25-000077,2025-10-28T20:06:03Z,2025-10-28 16:06:03 EDT,2026,1,0001403161-26-000044,2026-01-29T21:05:49Z,false,primary,false,10-Q,0001403161-25-000052,2025-07-29T22:06:21Z,true,10-K,0001403161-25-000089,2025-11-06T21:09:41Z,217.06,false,0001075531-25-000050,2025-10-28T20:02:19Z,0.0,true,adv2508,2025-08,2025-09-16T12:30:00Z,42.3,eligible,candidate,
2026,1,2025-12-31,0001403161-26-000044,2026-01-29T21:05:49Z,2026-01-29 16:05:49 EST,2026,2,0001403161-26-000077,2026-04-28T20:05:56Z,false,primary,false,10-K,0001403161-25-000089,2025-11-06T21:09:41Z,true,10-Q,0001403161-26-000045,2026-01-29T23:08:26Z,2.04,false,0001075531-25-000050,2025-10-28T20:02:19Z,93.0,true,adv2511,2025-11,2026-01-14T13:30:00Z,15.3,eligible,candidate,
2026,2,2026-03-31,0001403161-26-000077,2026-04-28T20:05:56Z,2026-04-28 16:05:56 EDT,2026,3,0001403161-26-000103,2026-07-28T20:05:26Z,false,primary,false,10-Q,0001403161-26-000045,2026-01-29T23:08:26Z,true,10-Q,0001403161-26-000079,2026-04-28T22:11:07Z,2.09,false,0001075531-26-000024,2026-04-28T20:03:39Z,0.0,true,adv2603,2026-03,2026-04-21T12:30:00Z,7.3,eligible,candidate,
2026,3,2026-06-30,0001403161-26-000103,2026-07-28T20:05:26Z,2026-07-28 16:05:26 EDT,2026,4,,,false,prospective,false,10-Q,0001403161-26-000079,2026-04-28T22:11:07Z,true,10-Q,0001403161-26-000104,2026-07-28T22:08:12Z,2.05,false,0001075531-26-000024,2026-04-28T20:03:39Z,91.0,true,adv2606,2026-06,2026-07-16T12:30:00Z,12.3,eligible,prospective,
