origin_label,fiscal_year,fiscal_quarter,origin_window,status,cutoff_utc,target_fiscal_year,target_fiscal_quarter,deck_outlook_type,deck_url,deck_http_status,deck_last_modified,deck_last_modified_delta_seconds,deck_within_event_window,deck_pdf_creation,deck_pdf_mod,deck_sha256,deck_sha1_base32,deck_page_count,deck_outlook_page,deck_recon_page,archive_digest_match,archive_first_capture,transcript_status,transcript_url,transcript_http_status,transcript_last_modified,transcript_sha256,transcript_has_next_quarter_outlook,guidance_source,comparable_net_revenue,comparable_operating_expenses,notes
FY2022Q1,2022,1,extension,candidate,2022-01-27T21:08:07Z,2022,2,none,https://s1.q4cdn.com/050606653/files/doc_financials/2022/q1/Visa-Inc.-First-Quarter-2022-Financial-Results-Presentation.pdf,200,"Thu, 27 Jan 2022 21:07:03 GMT",-64,true,2022-01-27T19:33:03,2022-01-27T11:35:34,ceb0e64fbc47e95488db20b447367de29a3cbf8d314697e3a69d54c25301e68c,TMPLRCC7LIOO5AMBRVXMCCB2GVU3VL2L,20,,,,,ok,"https://s1.q4cdn.com/050606653/files/doc_financials/2022/q1/CORRECTED-TRANSCRIPT_-Visa,-Inc.(V-US),-Q1-2022-Earnings-Call,-27-January-2022-5_00-PM-ET.pdf",200,"Wed, 02 Feb 2022 13:30:52 GMT",44ab0f424dc28ba71946b01ef51d6ea48ed528f1bc37bb37e63cdd79967c034c,true,transcript,true,false,
FY2022Q2,2022,2,extension,candidate,2022-04-26T20:05:54Z,2022,3,none,https://s1.q4cdn.com/050606653/files/doc_financials/2022/q2/Visa-Inc.-Second-Quarter-2022-Financial-Results-Presentation.pdf,200,"Tue, 26 Apr 2022 20:07:28 GMT",94,true,2022-04-26T15:21:12,2022-04-26T11:57:10,f94268aae9538c84251b2ce8cd7acfe6d69db5437410c283cccc20bcb6a475ba,ZZFYHHR4QQ6AMNCCXJ2OONUZALA35QFA,21,,,,,ok,"https://s1.q4cdn.com/050606653/files/doc_financials/2022/q2/CORRECTED-TRANSCRIPT_-Visa,-Inc.(V-US),-Q2-2022-Earnings-Call,-26-April-2022-5_00-PM-ET.pdf",200,"Thu, 28 Apr 2022 22:27:14 GMT",f0e7863bee79d9a9be8105cc8cd37e372d167dc76a3ef924bc6d1fd8dac9a423,false,none,false,false,no captured next-quarter outlook
FY2022Q3,2022,3,extension,candidate,2022-07-26T20:05:57Z,2022,4,none,https://s1.q4cdn.com/050606653/files/doc_financials/2022/q3/Visa-Inc.-Third-Quarter-2022-Financial-Results-Presentation.pdf,200,"Tue, 26 Jul 2022 20:07:17 GMT",80,true,2022-07-26T19:24:40,2022-07-26T12:44:35,152d8ab3e46753e7fc55694f41f7db80071ba4d75a1627b0d768711ccc4a65aa,MQMJGPIKLHLHB6LI72V57K6JQM3UXNRL,21,,,,,ok,"https://s1.q4cdn.com/050606653/files/doc_financials/2022/q3/CORRECTED-TRANSCRIPT_-Visa,-Inc.%28V-US%29,-Q3-2022-Earnings-Call.pdf",200,"Thu, 28 Jul 2022 18:44:21 GMT",bb463fb91767d60e1129507afae39b8dea23b0341ba558a545ef63d46d4ba4f4,true,transcript,true,false,
FY2022Q4,2022,4,extension,candidate,2022-10-25T20:05:34Z,2023,1,none,https://s1.q4cdn.com/050606653/files/doc_financials/2022/q4/Visa-Inc.-Fourth-Quarter-2022-Financial-Results-Presentation.pdf,200,"Tue, 25 Oct 2022 20:05:47 GMT",13,true,2022-10-25T18:33:48,2022-10-25T11:39:49,a8bdc3e77407e5a6091f868e00234a5a2f0e89c2dc72722add7ddb4a546ab765,GU4ATFRRFGQHYEGQYDGQJV3K72MHOAIM,22,,,,,ok,https://s1.q4cdn.com/050606653/files/doc_financials/2022/q4/CORRECTED-TRANSCRIPT_-Visa-Inc.(V-US)-Q4-2022-Earnings-Call-25-October-2022-5_00-PM-ET.pdf,200,"Tue, 01 Nov 2022 22:12:43 GMT",776d46a6c70e834d09356fc54127c23e9697828e934b0db4062e29581201a49b,true,transcript,true,false,
FY2023Q1,2023,1,extension,candidate,2023-01-26T21:05:49Z,2023,2,none,https://s1.q4cdn.com/050606653/files/doc_financials/2023/q1/Visa-Inc.-First-Quarter-2023-Financial-Results-Presentation.pdf,200,"Thu, 26 Jan 2023 21:05:57 GMT",8,true,2023-01-26T15:30:26,2023-01-26T07:54:34,957a63975eb6773c729a242e7acd8d71fd9807022c0f98dec68366d3e5347577,JXZ3YVOVB34AQH7NTBBXO7JJUHSYPAYT,24,,,,,ok,https://s1.q4cdn.com/050606653/files/doc_financials/2023/q1/CORRECTED-TRANSCRIPT_-Visa-Inc.(V-US)-Q1-2023-Earnings-Call-26-January-2023-5_00-PM-ET.pdf,200,"Mon, 30 Jan 2023 17:11:05 GMT",ccf5ba75b1d6239f590f04e70f4efb0a9d73da4949c2fea34eca0a2287b85818,true,transcript,true,derived,
FY2023Q2,2023,2,extension,candidate,2023-04-25T20:05:31Z,2023,3,none,https://s1.q4cdn.com/050606653/files/doc_financials/2023/q2/Visa-Inc-Second-Quarter-2023-Financial-Results-Presentation.pdf,200,"Tue, 25 Apr 2023 19:59:29 GMT",-362,true,2023-04-25T19:14:55,2023-04-25T12:16:07,73507315436a62fb4dd31d16247054fc25893fb34c31cc375a470b73078a5ed5,ITT75VMRRL7QEY4XIWOIPPOEMFA5TS6E,23,,,,,ok,https://s1.q4cdn.com/050606653/files/doc_financials/2023/q2/CORRECTED-TRANSCRIPT-Visa-Inc-V-US-Q2-2023-Earnings-Call-25-April-2023-500-PM-ET.pdf,200,"Mon, 01 May 2023 15:44:52 GMT",8302b76f0af7dfce3271f2e6d533b175bc15404cada2df57020d0a7e281259ef,true,transcript,true,derived,
FY2023Q3,2023,3,extension,candidate,2023-07-25T20:05:51Z,2023,4,none,https://s1.q4cdn.com/050606653/files/doc_financials/2023/q3/Q3-2023-Earnings-Deck.pdf,200,"Tue, 25 Jul 2023 20:12:19 GMT",388,true,2023-07-24T18:53:41,2023-07-24T11:54:14,e6102d0a923f59c6a7a4c264b6f71a5df716781aede9deb280bd7e5a8cec9331,3M73EZUJLOZJUWEVXDFMB747O4IX6HKC,23,,,,,absent,,,,,,none,false,false,No FactSet transcript PDF found under the Visa CDN for FY2023Q3.; no captured next-quarter outlook
FY2023Q4,2023,4,extension,candidate,2023-10-24T20:05:35Z,2024,1,full_year_only,https://s1.q4cdn.com/050606653/files/doc_financials/2023/q4/Q4-23-Earnings-Deck-FINAL.pdf,200,"Tue, 24 Oct 2023 20:11:36 GMT",361,true,2023-10-24T17:53:37,2023-10-24T17:53:37,70ec701f88b90f867d6a5b1c363cbc710a7c0f4452db060e8e0ad0702aaa4707,LPKMA2ZGDENSLA5M7HRSNBZDGU42G5L7,25,23,,,,absent,,,,,,none,false,false,deck has full-year outlook only; No FactSet transcript PDF found under the Visa CDN for FY2023Q4; deck has full-year outlook only.; no captured next-quarter outlook
FY2024Q1,2024,1,primary,candidate,2024-01-25T21:05:41Z,2024,2,next_quarter_and_full_year,https://s1.q4cdn.com/050606653/files/doc_financials/2024/q1/Visa-Inc-First-Quarter-2024-Financial-Results-Presentation.pdf,200,"Thu, 25 Jan 2024 21:07:11 GMT",90,true,2024-01-25T19:01:04,2024-01-25T11:03:39,56375a84c71eff73302ac2d2793a28f64f4c42e4bfad57cc6609cee919a0f8b7,IBUL2ND3XU6WWTTWIUGYASIS2ZVEGFMK,23,14,21,,,not_required,,,,,,deck,true,true,
FY2024Q2,2024,2,primary,candidate,2024-04-23T20:05:39Z,2024,3,next_quarter_and_full_year,https://s1.q4cdn.com/050606653/files/doc_financials/2024/q2/Visa-Inc-Second-Quarter-2024-Financial-Results-Presentation.pdf,200,"Tue, 23 Apr 2024 20:06:43 GMT",64,true,2024-04-23T17:36:42,2024-04-23T10:40:16,e991f535630c9c7d9e7ba0cc56df2705aad5dbd3571028ca9e62d0c30fa7b0ba,7DRXF36F5BEO42SRRNTRDEBAJKD4RRIK,23,14,21,,,not_required,,,,,,deck,true,true,
FY2024Q3,2024,3,primary,candidate,2024-07-23T20:05:38Z,2024,4,next_quarter_and_full_year,https://s1.q4cdn.com/050606653/files/doc_financials/2024/q3/Visa-Inc-Third-Quarter-2024-Financial-Results-Presentation.pdf,200,"Tue, 23 Jul 2024 20:08:25 GMT",167,true,2024-07-23T15:17:06,2024-07-23T09:34:57,31f3bcb13717e04dac6cff5346811e126b0f1df795f13c6d4bb45e4ea4405ef7,L3KIBOM6LJPSMLHLUMPPIICNZFC4Q2HH,23,14,21,,,not_required,,,,,,deck,true,true,
FY2024Q4,2024,4,primary,candidate,2024-10-29T20:06:08Z,2025,1,next_quarter_and_full_year,https://s1.q4cdn.com/050606653/files/doc_financials/2024/q4/Visa-Inc-Fourth-Quarter-2024-Financial-Results-Presentation.pdf,200,"Tue, 29 Oct 2024 20:07:28 GMT",80,true,2024-10-28T23:39:48,2024-10-28T23:39:48,86f020ae9042d63743aa642fd9f6af92458aed1b36ceab350e44f9419a82c97d,CT3B67WSYJHGJTRPT2GJXKV4G6HROEKV,24,14,22,,,not_required,,,,,,deck,true,true,
FY2025Q1,2025,1,primary,candidate,2025-01-30T21:05:52Z,2025,2,next_quarter_and_full_year,https://s1.q4cdn.com/050606653/files/doc_financials/2025/q1/Visa-Inc-First-Quarter-2025-Financial-Results-Presentation.pdf,200,"Thu, 30 Jan 2025 21:06:55 GMT",63,true,2025-01-29T19:42:40,2025-01-29T19:42:40,13d84b4854ce003233c21e9b46624efd9edf12099b06188593b36324f97a2f8d,VNCRLEBKU3LJQRLQAXJHCD47Y4VBXUI2,24,14,22,,,not_required,,,,,,deck,true,true,
FY2025Q2,2025,2,primary,candidate,2025-04-29T20:05:41Z,2025,3,next_quarter_and_full_year,https://s1.q4cdn.com/050606653/files/doc_financials/2025/q2/Visa-Inc-Second-Quarter-2025-Financial-Results-Presentation.pdf,200,"Tue, 29 Apr 2025 20:06:02 GMT",21,true,2025-04-28T17:23:49,2025-04-28T17:23:49,6af4f0a3486db90d5dd90c0e3b9ff16693689046699dba810b6bf91b2b936809,5V5TYO5EBDAAWLSXV6ZAR52FXI5YFBCK,24,14,22,,,not_required,,,,,,deck,true,true,
FY2025Q3,2025,3,primary,candidate,2025-07-29T20:06:16Z,2025,4,next_quarter_and_full_year,https://s1.q4cdn.com/050606653/files/doc_financials/2025/q3/Visa-Inc-Third-Quarter-2025-Financial-Results-Presentation.pdf,200,"Tue, 29 Jul 2025 20:06:08 GMT",-8,true,2025-07-29T05:37:01,2025-07-29T05:37:01,76d7075b04916d7df5ae3fa160e8fa03b9c1ab9b707fd025731c5bf803ae6935,AZP56YCPCBD22KROCWLXAF4I3YETPAWT,24,14,22,,,not_required,,,,,,deck,true,true,
FY2025Q4,2025,4,primary,candidate,2025-10-28T20:06:03Z,2026,1,next_quarter_and_full_year,https://s1.q4cdn.com/050606653/files/doc_financials/2025/q4/Visa-Inc-Fourth-Quarter-2025-Financial-Results-Presentation.pdf,200,"Tue, 28 Oct 2025 20:13:03 GMT",420,true,2025-10-28T14:40:41,2025-10-28T14:40:41,1413f94b4379a406d664554170571e7753d41fc4c390e657e9339fa6e302481c,JXQ3JPAIPWKNBN3I7DXRR62DOUHTCGUR,24,14,22,,,not_required,,,,,,deck,true,true,
FY2026Q1,2026,1,primary,candidate,2026-01-29T21:05:49Z,2026,2,next_quarter_and_full_year,https://s1.q4cdn.com/050606653/files/doc_financials/2026/q1/Visa-Inc-First-Quarter-2026-Financial-Results-Presentation.pdf,200,"Thu, 29 Jan 2026 21:01:50 GMT",-239,true,2026-01-29T14:28:56,2026-01-29T14:28:56,9ff693c43ea71be70bb905bce9c0f9f370641f729bd0b29efe81b6f5bd30cf52,LGYZ3LALS4WRWF7OPWUCDDY6PILXSZIW,24,14,22,,,not_required,,,,,,deck,true,true,
FY2026Q2,2026,2,primary,candidate,2026-04-28T20:05:56Z,2026,3,next_quarter_and_full_year,https://s1.q4cdn.com/050606653/files/doc_financials/2026/q2/Visa-Inc-Second-Quarter-2026-Financial-Results-Presentation.pdf,200,"Tue, 28 Apr 2026 20:05:39 GMT",-17,true,2026-04-27T22:41:58,2026-04-27T22:41:58,6cced77ff562d1137ba50d73a6b113466a941767a8c1e1b0fca2f80863c26bd6,BGKGB44XQUREON2XKVLH5IYP7KAV3SGN,24,14,22,,,not_required,,,,,,deck,true,true,
FY2026Q3,2026,3,prospective,prospective,2026-07-28T20:05:26Z,2026,4,next_quarter_and_full_year,https://s1.q4cdn.com/050606653/files/doc_financials/2026/q3/Visa-Inc-Third-Quarter-2026-Financial-Results-Presentation.pdf,200,"Tue, 28 Jul 2026 20:05:44 GMT",18,true,2026-07-27T23:55:31,2026-07-27T23:55:31,603a7fc4c637a0a982d4f0319eac7e33da6d7dd045c90e7d29964e3c843e6f04,P2AKWDAGUHAOEB7RA7JFLFVPBKHQEIPE,23,14,21,,,not_required,,,,,,deck,true,true,
