period_label,period_end,avg_purchase_price,price_source_id,price_form,price_acceptance_utc,price_url,price_quote,price_char_start,price_char_end,price_anchor,ttm_eps,trailing_pe,eps_0_period,eps_0_value,eps_0_source_id,eps_0_acceptance_utc,eps_1_period,eps_1_value,eps_1_source_id,eps_1_acceptance_utc,eps_2_period,eps_2_value,eps_2_source_id,eps_2_acceptance_utc,eps_3_period,eps_3_value,eps_3_source_id,eps_3_acceptance_utc
FY2023Q1,2022-12-31,198.74,0001403161-23-000013/v-20221231.htm,10-Q,2023-01-27T21:05:51Z,https://www.sec.gov/Archives/edgar/data/1403161/000140316123000013/v-20221231.htm,198.74,1742516,1742522,Average Purchase Price per Share,7.88,25.220812,FY2023Q1,2.18,0001403161-23-000010/q12023earningsrelease.htm,2023-01-26T21:05:49Z,FY2022Q4,1.93,0001403161-22-000076/q42022earningsrelease.htm,2022-10-25T20:05:34Z,FY2022Q3,1.98,0001403161-22-000055/q32022earningsrelease.htm,2022-07-26T20:05:57Z,FY2022Q2,1.79,0001403161-22-000023/q22022earningsrelease.htm,2022-04-26T20:05:54Z
FY2023Q2,2023-03-31,222.09,0001403161-23-000031/v-20230331.htm,10-Q,2023-04-26T21:36:19Z,https://www.sec.gov/Archives/edgar/data/1403161/000140316123000031/v-20230331.htm,222.09,2174853,2174859,Average Purchase Price per Share,8.18,27.150367,FY2023Q2,2.09,0001403161-23-000027/q22023earningsrelease.htm,2023-04-25T20:05:31Z,FY2023Q1,2.18,0001403161-23-000010/q12023earningsrelease.htm,2023-01-26T21:05:49Z,FY2022Q4,1.93,0001403161-22-000076/q42022earningsrelease.htm,2022-10-25T20:05:34Z,FY2022Q3,1.98,0001403161-22-000055/q32022earningsrelease.htm,2022-07-26T20:05:57Z
FY2023Q3,2023-06-30,229.19,0001403161-23-000072/v-20230630.htm,10-Q,2023-07-25T22:21:55Z,https://www.sec.gov/Archives/edgar/data/1403161/000140316123000072/v-20230630.htm,229.19,1742713,1742719,Average Purchase Price per Share,8.36,27.415072,FY2023Q3,2.16,0001403161-23-000069/q32023earningsrelease.htm,2023-07-25T20:05:51Z,FY2023Q2,2.09,0001403161-23-000027/q22023earningsrelease.htm,2023-04-25T20:05:31Z,FY2023Q1,2.18,0001403161-23-000010/q12023earningsrelease.htm,2023-01-26T21:05:49Z,FY2022Q4,1.93,0001403161-22-000076/q42022earningsrelease.htm,2022-10-25T20:05:34Z
FY2023Q4,2023-09-30,241.03,0001403161-23-000099/v-20230930.htm,10-K,2023-11-15T21:07:14Z,https://www.sec.gov/Archives/edgar/data/1403161/000140316123000099/v-20230930.htm,241.03,508076,508082,Average Purchase Price per Share,8.76,27.514840,FY2023Q4,2.33,0001403161-23-000092/q42023earningsrelease.htm,2023-10-24T20:05:35Z,FY2023Q3,2.16,0001403161-23-000069/q32023earningsrelease.htm,2023-07-25T20:05:51Z,FY2023Q2,2.09,0001403161-23-000027/q22023earningsrelease.htm,2023-04-25T20:05:31Z,FY2023Q1,2.18,0001403161-23-000010/q12023earningsrelease.htm,2023-01-26T21:05:49Z
FY2024Q1,2023-12-31,239.45,0001403161-24-000016/v-20231231.htm,10-Q,2024-01-25T23:17:40Z,https://www.sec.gov/Archives/edgar/data/1403161/000140316124000016/v-20231231.htm,239.45,1366712,1366718,Average Purchase Price per Share,8.99,26.635150,FY2024Q1,2.41,0001403161-24-000013/q12024earningsrelease.htm,2024-01-25T21:05:41Z,FY2023Q4,2.33,0001403161-23-000092/q42023earningsrelease.htm,2023-10-24T20:05:35Z,FY2023Q3,2.16,0001403161-23-000069/q32023earningsrelease.htm,2023-07-25T20:05:51Z,FY2023Q2,2.09,0001403161-23-000027/q22023earningsrelease.htm,2023-04-25T20:05:31Z
FY2024Q2,2024-03-31,280.80,0001403161-24-000030/v-20240331.htm,10-Q,2024-04-23T22:06:59Z,https://www.sec.gov/Archives/edgar/data/1403161/000140316124000030/v-20240331.htm,280.80,1709455,1709461,Average Purchase Price per Share,9.41,29.840595,FY2024Q2,2.51,0001403161-24-000027/q22024earningsrelease.htm,2024-04-23T20:05:39Z,FY2024Q1,2.41,0001403161-24-000013/q12024earningsrelease.htm,2024-01-25T21:05:41Z,FY2023Q4,2.33,0001403161-23-000092/q42023earningsrelease.htm,2023-10-24T20:05:35Z,FY2023Q3,2.16,0001403161-23-000069/q32023earningsrelease.htm,2023-07-25T20:05:51Z
FY2024Q3,2024-06-30,276.75,0001403161-24-000041/v-20240630.htm,10-Q,2024-07-23T22:12:59Z,https://www.sec.gov/Archives/edgar/data/1403161/000140316124000041/v-20240630.htm,276.75,1779044,1779050,Average Purchase Price per Share,9.67,28.619442,FY2024Q3,2.42,0001403161-24-000040/q32024earningsrelease.htm,2024-07-23T20:05:38Z,FY2024Q2,2.51,0001403161-24-000027/q22024earningsrelease.htm,2024-04-23T20:05:39Z,FY2024Q1,2.41,0001403161-24-000013/q12024earningsrelease.htm,2024-01-25T21:05:41Z,FY2023Q4,2.33,0001403161-23-000092/q42023earningsrelease.htm,2023-10-24T20:05:35Z
FY2024Q4,2024-09-30,270.85,0001403161-24-000058/v-20240930.htm,10-K,2024-11-13T22:14:01Z,https://www.sec.gov/Archives/edgar/data/1403161/000140316124000058/v-20240930.htm,270.85,549014,549020,Average Purchase Price per Share,10.05,26.950249,FY2024Q4,2.71,0001403161-24-000053/q42024earningsrelease.htm,2024-10-29T20:06:08Z,FY2024Q3,2.42,0001403161-24-000040/q32024earningsrelease.htm,2024-07-23T20:05:38Z,FY2024Q2,2.51,0001403161-24-000027/q22024earningsrelease.htm,2024-04-23T20:05:39Z,FY2024Q1,2.41,0001403161-24-000013/q12024earningsrelease.htm,2024-01-25T21:05:41Z
FY2025Q1,2024-12-31,300.61,0001403161-25-000017/v-20241231.htm,10-Q,2025-01-30T23:06:50Z,https://www.sec.gov/Archives/edgar/data/1403161/000140316125000017/v-20241231.htm,300.61,1323778,1323784,Average Purchase Price per Share,10.39,28.932628,FY2025Q1,2.75,0001403161-25-000016/q12025earningsrelease.htm,2025-01-30T21:05:52Z,FY2024Q4,2.71,0001403161-24-000053/q42024earningsrelease.htm,2024-10-29T20:06:08Z,FY2024Q3,2.42,0001403161-24-000040/q32024earningsrelease.htm,2024-07-23T20:05:38Z,FY2024Q2,2.51,0001403161-24-000027/q22024earningsrelease.htm,2024-04-23T20:05:39Z
FY2025Q2,2025-03-31,340.26,0001403161-25-000037/v-20250331.htm,10-Q,2025-04-29T22:07:21Z,https://www.sec.gov/Archives/edgar/data/1403161/000140316125000037/v-20250331.htm,340.26,1729919,1729925,Average Purchase Price per Share,10.64,31.979323,FY2025Q2,2.76,0001403161-25-000035/q22025earningsrelease.htm,2025-04-29T20:05:41Z,FY2025Q1,2.75,0001403161-25-000016/q12025earningsrelease.htm,2025-01-30T21:05:52Z,FY2024Q4,2.71,0001403161-24-000053/q42024earningsrelease.htm,2024-10-29T20:06:08Z,FY2024Q3,2.42,0001403161-24-000040/q32024earningsrelease.htm,2024-07-23T20:05:38Z
FY2025Q3,2025-06-30,349.24,0001403161-25-000052/v-20250630.htm,10-Q,2025-07-29T22:06:21Z,https://www.sec.gov/Archives/edgar/data/1403161/000140316125000052/v-20250630.htm,349.24,1787645,1787651,Average Purchase Price per Share,11.20,31.182143,FY2025Q3,2.98,0001403161-25-000051/q32025earningsrelease.htm,2025-07-29T20:06:16Z,FY2025Q2,2.76,0001403161-25-000035/q22025earningsrelease.htm,2025-04-29T20:05:41Z,FY2025Q1,2.75,0001403161-25-000016/q12025earningsrelease.htm,2025-01-30T21:05:52Z,FY2024Q4,2.71,0001403161-24-000053/q42024earningsrelease.htm,2024-10-29T20:06:08Z
FY2025Q4,2025-09-30,349.77,0001403161-25-000089/v-20250930.htm,10-K,2025-11-06T21:09:41Z,https://www.sec.gov/Archives/edgar/data/1403161/000140316125000089/v-20250930.htm,349.77,585699,585705,Average Purchase Price per Share,11.47,30.494333,FY2025Q4,2.98,0001403161-25-000077/q42025earningsrelease.htm,2025-10-28T20:06:03Z,FY2025Q3,2.98,0001403161-25-000051/q32025earningsrelease.htm,2025-07-29T20:06:16Z,FY2025Q2,2.76,0001403161-25-000035/q22025earningsrelease.htm,2025-04-29T20:05:41Z,FY2025Q1,2.75,0001403161-25-000016/q12025earningsrelease.htm,2025-01-30T21:05:52Z
FY2026Q1,2025-12-31,342.13,0001403161-26-000045/v-20251231.htm,10-Q,2026-01-29T23:08:26Z,https://www.sec.gov/Archives/edgar/data/1403161/000140316126000045/v-20251231.htm,342.13,1339464,1339470,Average Purchase Price per Share,11.89,28.774601,FY2026Q1,3.17,0001403161-26-000044/q12026earningsrelease.htm,2026-01-29T21:05:49Z,FY2025Q4,2.98,0001403161-25-000077/q42025earningsrelease.htm,2025-10-28T20:06:03Z,FY2025Q3,2.98,0001403161-25-000051/q32025earningsrelease.htm,2025-07-29T20:06:16Z,FY2025Q2,2.76,0001403161-25-000035/q22025earningsrelease.htm,2025-04-29T20:05:41Z
FY2026Q2,2026-03-31,320.66,0001403161-26-000079/v-20260331.htm,10-Q,2026-04-28T22:11:07Z,https://www.sec.gov/Archives/edgar/data/1403161/000140316126000079/v-20260331.htm,320.66,1785265,1785271,Average Purchase Price per Share,12.44,25.776527,FY2026Q2,3.31,0001403161-26-000077/q22026earningsrelease.htm,2026-04-28T20:05:56Z,FY2026Q1,3.17,0001403161-26-000044/q12026earningsrelease.htm,2026-01-29T21:05:49Z,FY2025Q4,2.98,0001403161-25-000077/q42025earningsrelease.htm,2025-10-28T20:06:03Z,FY2025Q3,2.98,0001403161-25-000051/q32025earningsrelease.htm,2025-07-29T20:06:16Z
