period,accession,document,era,status,expected_fields,found_fields,missing_fields,identities_passed,identities_failed,prior_10q_accession,prior_10q_status,notes
FY2017Q1,0001403161-17-000010,vex991123116earningsrelease.htm,table_2017,partial,16,15,processed_transactions_count:not found in parsed tables/prose;payments_volume_growth_constant:not found in parsed tables/prose;payments_volume_prior_quarter_growth_constant:not found in parsed tables/prose;processed_transactions_growth:not found in parsed tables/prose;net_interest_other:not found in parsed tables/prose,5,1,0001403161-16-000058,failed,identity check failed
FY2017Q2,0001403161-17-000026,vex991earningsrelease33117.htm,table_2017,partial,16,15,processed_transactions_count:not found in parsed tables/prose;payments_volume_growth_constant:not found in parsed tables/prose;payments_volume_prior_quarter_growth_constant:not found in parsed tables/prose;processed_transactions_growth:not found in parsed tables/prose;net_interest_other:not found in parsed tables/prose,6,0,0001403161-17-000011,failed,
FY2017Q3,0001403161-17-000036,vex991earningsrelease63017.htm,table_2017,partial,16,15,processed_transactions_count:not found in parsed tables/prose;payments_volume_growth_constant:not found in parsed tables/prose;payments_volume_prior_quarter_growth_constant:not found in parsed tables/prose;processed_transactions_growth:not found in parsed tables/prose;net_interest_other:not found in parsed tables/prose,6,0,0001403161-17-000028,parsed,
FY2017Q4,0001403161-17-000041,vex991093017earningsrelease.htm,table_2017,partial,16,16,processed_transactions_count:not found in parsed tables/prose;payments_volume_growth_constant:not found in parsed tables/prose;processed_transactions_growth:not found in parsed tables/prose;net_interest_other:not found in parsed tables/prose,6,0,0001403161-17-000037,parsed,
FY2018Q1,0001403161-18-000008,vex991earningsrelease123.htm,image_text_layer,failed,16,3,service_revenue:not found in parsed tables/prose;data_processing_revenue:not found in parsed tables/prose;international_transaction_revenue:not found in parsed tables/prose;other_revenue:not found in parsed tables/prose;client_incentives:not found in parsed tables/prose;operating_expenses_gaap:not found in parsed tables/prose;operating_expenses_ex_special_items:not found in parsed tables/prose;payments_volume_growth_constant:not found in parsed tables/prose;cross_border_total_growth_constant:not found in parsed tables/prose;processed_transactions_growth:not found in parsed tables/prose;tax_rate:not found in parsed tables/prose;net_interest_other:not found in parsed tables/prose;diluted_shares:not found in parsed tables/prose,0,0,0001403161-17-000044,failed,missing core income-statement fields
FY2018Q2,0001403161-18-000018,vex991earningsrelease033.htm,image_text_layer,partial,17,18,net_interest_other:not found in parsed tables/prose;diluted_shares:not found in parsed tables/prose,3,1,0001403161-18-000009,parsed,identity check failed
FY2018Q3,0001403161-18-000030,vex991earningsrelease630.htm,image_text_layer,partial,17,18,net_interest_other:not found in parsed tables/prose;diluted_shares:not found in parsed tables/prose,3,1,0001403161-18-000020,parsed,identity check failed
FY2018Q4,0001403161-18-000052,fy18q4pressrelease10.htm,image_text_layer,partial,17,19,diluted_shares:not found in parsed tables/prose,3,1,0001403161-18-000034,parsed,identity check failed
FY2019Q1,0001403161-19-000002,fy19q1pressrelease.htm,image_text_layer,partial,17,18,net_interest_other:not found in parsed tables/prose;diluted_shares:not found in parsed tables/prose,3,1,0001403161-18-000055,failed,identity check failed
FY2019Q2,0001403161-19-000014,fy19q2pressreleasefinal.htm,image_text_layer,partial,17,18,cross_border_total_growth_constant:not found in parsed tables/prose;diluted_shares:not found in parsed tables/prose,3,1,0001403161-19-000005,parsed,identity check failed
FY2019Q3,0001403161-19-000026,q19ex9912.htm,image_text_layer,partial,17,19,diluted_shares:not found in parsed tables/prose,3,1,0001403161-19-000017,parsed,identity check failed
FY2019Q4,0001403161-19-000042,q42019ex9913.htm,image_text_layer,partial,17,19,diluted_shares:not found in parsed tables/prose,3,1,0001403161-19-000030,parsed,identity check failed
FY2020Q1,0001403161-20-000010,q12020ex9913.htm,image_text_layer,partial,18,19,diluted_shares:not found in parsed tables/prose;cross_border_ex_intra_europe_growth_constant:not found in parsed tables/prose,3,1,0001403161-19-000050,failed,identity check failed
FY2020Q2,0001403161-20-000024,q22020ex991.htm,image_text_layer,partial,18,18,cross_border_total_growth_constant:not found in parsed tables/prose;diluted_shares:not found in parsed tables/prose;cross_border_ex_intra_europe_growth_constant:not found in parsed tables/prose,3,1,0001403161-20-000012,parsed,identity check failed
FY2020Q3,0001403161-20-000043,q32020ex991.htm,image_text_layer,partial,20,14,international_transaction_revenue:not found in parsed tables/prose;payments_volume_growth_constant:not found in parsed tables/prose;cross_border_total_growth_constant:not found in parsed tables/prose;processed_transactions_growth:not found in parsed tables/prose;diluted_shares:not found in parsed tables/prose;payments_volume_growth_nominal:not found in parsed tables/prose;cross_border_ex_intra_europe_growth_constant:not found in parsed tables/prose;cross_border_ex_intra_europe_growth_nominal:not found in parsed tables/prose;cross_border_total_growth_nominal:not found in parsed tables/prose,3,0,0001403161-20-000028,parsed,
FY2020Q4,0001403161-20-000061,q42020ex991.htm,image_text_layer,partial,20,17,international_transaction_revenue:not found in parsed tables/prose;cross_border_total_growth_constant:not found in parsed tables/prose;diluted_shares:not found in parsed tables/prose;cross_border_ex_intra_europe_growth_constant:not found in parsed tables/prose;cross_border_ex_intra_europe_growth_nominal:not found in parsed tables/prose;cross_border_total_growth_nominal:not found in parsed tables/prose,3,0,0001403161-20-000048,partial,geography identity failed
FY2021Q1,0001403161-21-000009,q12021ex991.htm,image_text_layer,partial,20,17,international_transaction_revenue:not found in parsed tables/prose;cross_border_total_growth_constant:not found in parsed tables/prose;diluted_shares:not found in parsed tables/prose;cross_border_ex_intra_europe_growth_constant:not found in parsed tables/prose;cross_border_ex_intra_europe_growth_nominal:not found in parsed tables/prose;cross_border_total_growth_nominal:not found in parsed tables/prose,3,0,0001403161-20-000070,failed,
FY2021Q2,0001403161-21-000023,q22021ex991.htm,image_text_layer,partial,20,17,international_transaction_revenue:not found in parsed tables/prose;cross_border_total_growth_constant:not found in parsed tables/prose;diluted_shares:not found in parsed tables/prose;cross_border_ex_intra_europe_growth_constant:not found in parsed tables/prose;cross_border_ex_intra_europe_growth_nominal:not found in parsed tables/prose;cross_border_total_growth_nominal:not found in parsed tables/prose,3,0,0001403161-21-000012,partial,geography identity failed
FY2021Q3,0001403161-21-000038,q32021earningsrelease.htm,table_modern,parsed,20,25,,6,0,0001403161-21-000029,partial,geography identity failed
FY2021Q4,0001403161-21-000056,q42021earningsrelease.htm,table_modern,parsed,20,25,,6,0,0001403161-21-000042,partial,geography identity failed
FY2022Q1,0001403161-22-000009,q12022earningsrelease.htm,table_modern,parsed,20,25,,6,0,0001403161-21-000060,failed,
FY2022Q2,0001403161-22-000023,q22022earningsrelease.htm,table_modern,parsed,20,26,,6,0,0001403161-22-000013,parsed,
FY2022Q3,0001403161-22-000055,q32022earningsrelease.htm,table_modern,parsed,20,26,,6,0,0001403161-22-000027,parsed,
FY2022Q4,0001403161-22-000076,q42022earningsrelease.htm,table_modern,parsed,20,26,,6,0,0001403161-22-000058,parsed,
FY2023Q1,0001403161-23-000010,q12023earningsrelease.htm,table_modern,parsed,20,26,,6,0,0001403161-22-000081,parsed,
FY2023Q2,0001403161-23-000027,q22023earningsrelease.htm,table_modern,parsed,20,26,,6,0,0001403161-23-000013,parsed,
FY2023Q3,0001403161-23-000069,q32023earningsrelease.htm,table_modern,parsed,20,26,,6,0,0001403161-23-000031,parsed,
FY2023Q4,0001403161-23-000092,q42023earningsrelease.htm,table_modern,parsed,20,26,,6,0,0001403161-23-000072,parsed,
FY2024Q1,0001403161-24-000013,q12024earningsrelease.htm,table_modern,parsed,20,26,,6,0,0001403161-23-000099,parsed,
FY2024Q2,0001403161-24-000027,q22024earningsrelease.htm,table_modern,parsed,20,26,,6,0,0001403161-24-000016,parsed,
FY2024Q3,0001403161-24-000040,q32024earningsrelease.htm,table_modern,parsed,20,26,,6,0,0001403161-24-000030,parsed,
FY2024Q4,0001403161-24-000053,q42024earningsrelease.htm,table_modern,parsed,20,26,,6,0,0001403161-24-000041,parsed,
FY2025Q1,0001403161-25-000016,q12025earningsrelease.htm,table_modern,parsed,20,26,,6,0,0001403161-24-000058,parsed,
FY2025Q2,0001403161-25-000035,q22025earningsrelease.htm,table_modern,parsed,20,26,,6,0,0001403161-25-000017,parsed,
FY2025Q3,0001403161-25-000051,q32025earningsrelease.htm,table_modern,parsed,20,25,,4,0,0001403161-25-000037,parsed,
FY2025Q4,0001403161-25-000077,q42025earningsrelease.htm,table_modern,parsed,20,25,,4,0,0001403161-25-000052,parsed,
FY2026Q1,0001403161-26-000044,q12026earningsrelease.htm,table_modern,parsed,20,25,,4,0,0001403161-25-000089,parsed,
FY2026Q2,0001403161-26-000077,q22026earningsrelease.htm,table_modern,parsed,20,25,,4,0,0001403161-26-000045,parsed,
FY2026Q3,0001403161-26-000103,q32026earningsrelease.htm,table_modern,parsed,20,25,,4,0,0001403161-26-000079,parsed,
