accession,document,filed_date,acceptance_utc,index_page_accepted_utc,reported_quarter,guidance_table,guidance_quarter,guidance_full_year,content_sha256,bytes,error
0001075531-21-000051,ex99193021.htm,2021-11-03,2021-11-03T20:05:18Z,2021-11-03T20:05:18Z,2021Q3,false,,,a4d9ac285b877ffe1167dfdc18dabe2f00aea714bb14e3853b705319715ec313,414852,
0001075531-22-000006,ex99112312021.htm,2022-02-23,2022-02-23T21:04:06Z,2022-02-23T21:04:06Z,2021Q4,false,,,06dc13ed4e916641c8b1dc3631a96fe3dfc21e14b82447add737d8cc4def25cb,393417,
0001075531-22-000020,ex99133122.htm,2022-05-04,2022-05-04T20:05:16Z,2022-05-04T20:05:16Z,2022Q1,false,,,e943717b44267d783a21e257975108b8c4bc1729c20193b308a628dddfc79997,350153,
0001075531-22-000031,ex99163022.htm,2022-08-03,2022-08-03T20:05:51Z,2022-08-03T20:05:51Z,2022Q2,false,,,137ad2906758e74830b6c034ea47ed435c313f6af1620d63a9f08b0178849f69,392813,
0001075531-22-000042,ex99193022.htm,2022-11-02,2022-11-02T20:04:34Z,2022-11-02T20:04:34Z,2022Q3,false,,,b7be218071f3e5d4867568cbcbca719e018c5d7971624df06f855c58604e1a6c,397205,
0001075531-23-000012,ex991123122.htm,2023-02-23,2023-02-23T21:03:09Z,2023-02-23T21:03:09Z,2022Q4,false,,,c344429873552ad5914ec8966477e24b8123147ccd2950ffc328a9f118b22a11,427565,
0001075531-23-000029,ex99133123.htm,2023-05-04,2023-05-04T20:02:40Z,2023-05-04T20:02:40Z,2023Q1,false,,,7e7295a40a675a2017faf60d921f5ddfc356241aad21e1c4b7cb39469f4ccef1,370618,
0001075531-23-000045,ex99163023.htm,2023-08-03,2023-08-03T20:03:30Z,2023-08-03T20:03:30Z,2023Q2,false,,,9fb1d9edf76d9b0045c164b95d4049f337a20625568e658320ef15eca577c375,409331,
0001075531-23-000060,ex99193023.htm,2023-11-02,2023-11-02T20:03:41Z,2023-11-02T20:03:41Z,2023Q3,false,,,c6f914d503d3a1403386f29f6dce1a4342403ab5afcfd4a957a94d1811580d24,419605,
0001075531-24-000011,ex991123123.htm,2024-02-22,2024-02-22T21:01:50Z,2024-02-22T21:01:50Z,2023Q4,false,,,464f3605eda7997f14b1948581fa7883b7ab145064e88f8bba5c528b9d7987af,510800,
0001075531-24-000026,ex99133124.htm,2024-05-02,2024-05-02T20:02:05Z,2024-05-02T20:02:05Z,2024Q1,false,,,e69c684a88860d998aa75f5436f27c5b2f36b6368012d0b87555c9420d070baf,376411,
0001075531-24-000039,ex99163024.htm,2024-08-01,2024-08-01T20:04:34Z,2024-08-01T20:04:34Z,2024Q2,false,,,49dd108e51184dacfbf7fa3bad01471c1bac435472a3a54970e817b4f174bfd1,428561,
0001075531-24-000047,ex99193024.htm,2024-10-30,2024-10-30T20:04:19Z,2024-10-30T20:04:19Z,2024Q3,false,,,9ec14dd782ec02c32999ca4548f02f4136c0c020d2b6ca9aafc9d1ceec03b9d6,552651,
0001075531-25-000009,bnkgq42024earningspressr.htm,2025-02-20,2025-02-20T21:02:55Z,2025-02-20T21:02:55Z,2024Q4,false,,,e13e47845fd56bf7ee4847986e67e00384a35a0489a2bb5337d33b6e9c31e84b,37198,
0001075531-25-000021,bkngq12025earningspressr.htm,2025-04-29,2025-04-29T20:04:30Z,2025-04-29T20:04:30Z,2025Q1,false,,,dde05545d6ddee4f4ffe9f5d8f646ccf623f7f642fc3301c1fea69ab8981daae,30590,
0001075531-25-000035,bkngq22025earningspressr.htm,2025-07-29,2025-07-29T20:02:23Z,2025-07-29T20:02:23Z,2025Q2,true,2025Q3,true,63f20a8cd8bf126ade54a4e996ae7c5081bad368b55f276c0d4acb0c7b1fcf3f,35679,
0001075531-25-000050,q3-25bkngearningsrelease.htm,2025-10-28,2025-10-28T20:02:19Z,2025-10-28T20:02:19Z,2025Q3,true,2025Q4,true,98e8a46ee0d1bf113608ceba45027ffa9414cfcc2bc05dc07056150c2feed61b,40605,
0001075531-26-000008,q4-25bkngearningsrelease.htm,2026-02-18,2026-02-18T21:02:41Z,2026-02-18T21:02:41Z,2025Q4,true,2026Q1,true,6d9ac3fa5d0e781ee18b8be639aa0126bd58d9cea80d20a67c11b3d1f06e2987,39410,
0001075531-26-000024,q1-26bkngearningsrelease.htm,2026-04-28,2026-04-28T20:03:39Z,2026-04-28T20:03:39Z,2026Q1,true,2026Q2,true,a765da687b5f2624b95ad9e8c232775ecc96f2abb99c77c95f2d5ca62a77ad3f,35910,
0001075531-26-000036,q2-26bkngearningsrelease.htm,2026-08-04,2026-08-04T20:03:14Z,2026-08-04T20:03:14Z,2026Q2,true,2026Q3,true,7b7d16620b9f65842ed4269c8618eea54d275fd8d9fc9337fcfb9bb9e42959a7,37176,
