candidate_id,family,origin_date,cutoff_utc,accession,accepted_utc,age_days,document,exhibit,content_sha256,bytes,metric_hits,guidance_present,guidance_quarter,guidance_covers_target,error
delta,airline,2022-01-27,2022-01-27T21:08:07Z,0001683168-22-000238,2022-01-13T11:30:13Z,14.4013,delta_ex9901.htm,EX-99.1,7c9ea1cce9b0162ce9eae8cc17bfba0990a73cd184078c9643f82b4a26417522,621318,[Ii]nternational;Transatlantic|Atlantic;[Cc]apacity;(?:[Gg]uidance|[Oo]utlook),true,,unknown,
delta,airline,2022-04-26,2022-04-26T20:05:54Z,0001683168-22-002578,2022-04-13T10:30:11Z,13.3998,delta_ex9901.htm,EX-99.1,bd42f0a42bc82ec8bfbcc6733258a1851ec3264f3ad9397080d2d21920930dee,309055,[Ii]nternational;Transatlantic|Atlantic;[Cc]apacity;(?:[Gg]uidance|[Oo]utlook),true,,unknown,
delta,airline,2022-07-26,2022-07-26T20:05:57Z,0001683168-22-004923,2022-07-13T10:30:14Z,13.3998,delta_ex9901.htm,EX-99.1,14a85c317311ac8da14ebe79dde1a3a087963ce1e87ac3c558f407e1cd33aba8,361114,[Ii]nternational;Transatlantic|Atlantic;[Cc]apacity;(?:[Gg]uidance|[Oo]utlook),true,,unknown,
delta,airline,2022-10-25,2022-10-25T20:05:34Z,0001683168-22-006867,2022-10-13T10:30:15Z,12.3995,delta_ex9901.htm,EX-99.1,cb621972864d62833d53bb6f4c7af4fb96ae994cebcf762f53b6950f9d8f2bc0,507128,[Ii]nternational;Transatlantic|Atlantic;[Cc]apacity;(?:[Gg]uidance|[Oo]utlook),true,,unknown,
delta,airline,2023-01-26,2023-01-26T21:05:49Z,0001683168-23-000172,2023-01-13T11:30:27Z,13.3996,delta_ex9901.htm,EX-99.1,02c9fc24cbaf9909dde07832fdc0fbc50a2a302e05c67c6eaa341e5be2dd88d8,512684,[Ii]nternational;Transatlantic|Atlantic;[Cc]apacity;(?:[Gg]uidance|[Oo]utlook),true,,unknown,
delta,airline,2023-04-25,2023-04-25T20:05:31Z,0001683168-23-002326,2023-04-13T10:30:11Z,12.3995,delta_ex9901.htm,EX-99.1,5c45b1e23ec63d1610932309d73ba9e92efa8b3eb2e9df865ca660464ba19e33,357421,[Ii]nternational;Transatlantic|Atlantic;[Cc]apacity;(?:[Gg]uidance|[Oo]utlook),true,,unknown,
delta,airline,2023-07-25,2023-07-25T20:05:51Z,0001683168-23-004828,2023-07-13T10:30:10Z,12.3998,delta_ex9901.htm,EX-99.1,8ab74c7750591f4931f737c7d7ef03e6c21e9f27f5e9dda9f641c8e841e00923,391767,[Ii]nternational;Transatlantic|Atlantic;[Cc]apacity;(?:[Gg]uidance|[Oo]utlook),true,,unknown,
delta,airline,2023-10-24,2023-10-24T20:05:35Z,0001683168-23-007072,2023-10-12T10:30:11Z,12.3996,delta_ex9901.htm,EX-99.1,8bca2e0acbbbfba58dbdb20fed5b7d75b057ffc2a4f9bad9ed6672e10bc0da08,474899,[Ii]nternational;Transatlantic|Atlantic;[Cc]apacity;(?:[Gg]uidance|[Oo]utlook),true,,unknown,
delta,airline,2024-01-25,2024-01-25T21:05:41Z,0001683168-24-000244,2024-01-12T11:30:10Z,13.3997,delta_ex9901.htm,EX-99.1,1ccab4bfc3e45464d3bf2ff69073e9fb45887c9fd4371dec44e644d1cc70cb1d,576103,[Ii]nternational;Transatlantic|Atlantic;[Cc]apacity;(?:[Gg]uidance|[Oo]utlook),true,,unknown,
delta,airline,2024-04-23,2024-04-23T20:05:39Z,0001683168-24-002249,2024-04-10T10:30:24Z,13.3995,delta_ex9901.htm,EX-99.1,76c1daeafa6019f6970a2a92efd136442506ac5c2c92f8bf9a3bfd3fb07d99c1,420905,[Ii]nternational;Transatlantic|Atlantic;[Cc]apacity;(?:[Gg]uidance|[Oo]utlook),true,,unknown,
delta,airline,2024-07-23,2024-07-23T20:05:38Z,0001683168-24-004743,2024-07-11T10:30:11Z,12.3996,delta_ex9901.htm,EX-99.1,a3f9d89799d7ccf4ece9bf98efd77f6b8bc58d0dfc6d1eaf541e312334e8edca,375246,[Ii]nternational;Transatlantic|Atlantic;[Cc]apacity;(?:[Gg]uidance|[Oo]utlook),true,,unknown,
delta,airline,2024-10-29,2024-10-29T20:06:08Z,0001683168-24-007033,2024-10-10T10:30:15Z,19.3999,delta_ex9901.htm,EX-99.1,503934d45a863d72e5a96691ba790b47f2e4ed34051a317df3aa0d40ebc98345,444804,[Ii]nternational;Transatlantic|Atlantic;[Cc]apacity;(?:[Gg]uidance|[Oo]utlook),true,,unknown,
delta,airline,2025-01-30,2025-01-30T21:05:52Z,0001683168-25-000182,2025-01-10T11:30:11Z,20.3998,delta_ex9901.htm,EX-99.1,f7b5715ee58178e1d5b0fcd4a8d65baade0d93ea1af3f2ea7344b8c63fd426da,503165,[Ii]nternational;Transatlantic|Atlantic;[Cc]apacity;(?:[Gg]uidance|[Oo]utlook),true,,unknown,
delta,airline,2025-04-29,2025-04-29T20:05:41Z,0001683168-25-002353,2025-04-09T10:30:18Z,20.3996,delta_ex9901.htm,EX-99.1,ed985eafdb38911b8b1dedeafe5e58655a279c115fcb94ba04fee93544d7a7c6,445084,[Ii]nternational;Transatlantic|Atlantic;[Cc]apacity;(?:[Gg]uidance|[Oo]utlook),true,,unknown,
delta,airline,2025-07-29,2025-07-29T20:06:16Z,0001683168-25-005002,2025-07-10T10:30:26Z,19.3999,delta_ex9901.htm,EX-99.1,eaf1ad514cc2d0bbb35c8a68806f82779fe02c5b2cff43e914e134cdd240ce6a,499331,[Ii]nternational;Transatlantic|Atlantic;[Cc]apacity;(?:[Gg]uidance|[Oo]utlook),true,,unknown,
delta,airline,2025-10-28,2025-10-28T20:06:03Z,0000027904-25-000018,2025-10-09T10:30:03Z,19.4000,deltaairlinesannouncessept.htm,EX-99.1,799fd8ac9ff8ed44431c4af93f07e99a96147cd6131f5b462da748ca515cc96d,651408,[Ii]nternational;Transatlantic|Atlantic;[Cc]apacity;(?:[Gg]uidance|[Oo]utlook),true,,unknown,
delta,airline,2026-01-29,2026-01-29T21:05:49Z,0000027904-26-000008,2026-01-13T11:30:15Z,16.3997,deltaairlinesannouncesdece.htm,EX-99.1,4b94351389119045697fc67c5d1de0beef58358d61851079a608a2f6bad8bc48,792336,[Ii]nternational;Transatlantic|Atlantic;[Cc]apacity;(?:[Gg]uidance|[Oo]utlook),true,,unknown,
delta,airline,2026-04-28,2026-04-28T20:05:56Z,0000027904-26-000020,2026-04-08T10:30:17Z,20.3998,deltaairlinesannouncesmarc.htm,EX-99.1,e42b9ba661d2756f485fb9b4cbbb038822c39afc152ef737175d24445ac49c1a,549974,[Ii]nternational;Transatlantic|Atlantic;[Cc]apacity;(?:[Gg]uidance|[Oo]utlook),true,,unknown,
delta,airline,2026-07-28,2026-07-28T20:05:26Z,0000027904-26-000029,2026-07-10T10:30:10Z,18.3995,deltaairlinesannouncesjune.htm,EX-99.1,0b1ae2a9c63702c6d3943829b64138d284c8d5dd5da780c699f833d5ac35fadd,730957,Transatlantic|Atlantic;[Cc]apacity;(?:[Gg]uidance|[Oo]utlook),true,,unknown,
costco,retailer,2022-01-27,2022-01-27T21:08:07Z,0001193125-21-352764,2021-12-09T22:07:02Z,48.9591,d241963dex991.htm,EX-99.1,5f000fb5448c0d9de1a8bb7c0dc9331109b03f385df4fc6b4425518bdaf91b32,67251,[Cc]omparable sales;Other International;[Dd]igitally|[Ee]-commerce,false,,false,
costco,retailer,2022-04-26,2022-04-26T20:05:54Z,0001193125-22-065629,2022-03-04T17:47:58Z,53.0958,d264475dex991.htm,EX-99.1,7e5b313f9baf990c8697c7d570d73140b7fa98521d95496825dfff6e4de50702,91514,[Cc]omparable sales;Other International;[Dd]igitally|[Ee]-commerce,false,,false,
costco,retailer,2022-07-26,2022-07-26T20:05:57Z,0001193125-22-161034,2022-05-26T20:26:04Z,60.9860,d362298dex991.htm,EX-99.1,754c13154660538742b397f6ee3f1668e82bc1fb32e2102ad33727259d807a23,83198,[Cc]omparable sales;Other International;[Dd]igitally|[Ee]-commerce,false,,false,
costco,retailer,2022-10-25,2022-10-25T20:05:34Z,0001193125-22-249988,2022-09-23T17:38:33Z,32.1021,d327884dex991.htm,EX-99.1,95e56b1f55069f34ded0a3579b1c1bd11bf9cda4e65db8e872c979782d8983bd,83045,[Cc]omparable sales;Other International;[Dd]igitally|[Ee]-commerce,false,,false,
costco,retailer,2023-01-26,2023-01-26T21:05:49Z,0000909832-22-000029,2022-12-08T23:48:41Z,48.8869,costex9918-k12822.htm,EX-99.1,2fe3427f7112d258eddab64710dbc22af16c56b86ab5add05b6d9c6f49adad3e,80126,[Cc]omparable sales;Other International;[Dd]igitally|[Ee]-commerce,false,,false,
costco,retailer,2023-04-25,2023-04-25T20:05:31Z,0000909832-23-000010,2023-03-02T23:10:48Z,53.8713,costex9918-k3223.htm,EX-99.1,34d4c039015455ec7146a0fa8da916732561de28816d1c2a5191c8641b76eedc,113748,[Cc]omparable sales;Other International;[Dd]igitally|[Ee]-commerce,false,,false,
costco,retailer,2023-07-25,2023-07-25T20:05:51Z,0000909832-23-000025,2023-05-25T20:22:40Z,60.9883,costex9918-k52523.htm,EX-99.1,aad51fe0ca2a253d32e4f1928bbd30c4990c61ece3606a2d0c62eab97494478b,102946,[Cc]omparable sales;Other International;[Dd]igitally|[Ee]-commerce,false,,false,
costco,retailer,2023-10-24,2023-10-24T20:05:35Z,0000909832-23-000038,2023-09-26T20:37:40Z,27.9777,costex9918-k92623.htm,EX-99.1,2dbae9b780901083f17cf58a831a828807de4ee8f35134189c1df2c78b86a4d1,141324,[Cc]omparable sales;Other International;[Dd]igitally|[Ee]-commerce,false,,false,
costco,retailer,2024-01-25,2024-01-25T21:05:41Z,0000909832-23-000062,2023-12-14T21:39:35Z,41.9765,costex9918-k121423.htm,EX-99.1,69ebdfc014000236a946211cc6bc9297799d264549b879c50b2fc3b01edd37f7,118603,[Cc]omparable sales;Other International;[Dd]igitally|[Ee]-commerce,false,,false,
costco,retailer,2024-04-23,2024-04-23T20:05:39Z,0000909832-24-000012,2024-03-07T21:37:05Z,46.9365,costex9918-k21824.htm,EX-99.1,ee943cadc5cbb52d0f7f63128c27d4acede2e490cd8119ce262bf7c6f0c4f956,144728,[Cc]omparable sales;Other International;[Dd]igitally|[Ee]-commerce,false,,false,
costco,retailer,2024-07-23,2024-07-23T20:05:38Z,0000909832-24-000026,2024-05-30T20:26:46Z,53.9853,costex9918-k51224.htm,EX-99.1,5cbc188d682209917226ac890a4a6875ef2a5c85c6bfb1286b81617cd6014c5e,134602,[Cc]omparable sales;Other International;[Dd]igitally|[Ee]-commerce;[Tt]raffic|[Ff]requency,false,,false,
costco,retailer,2024-10-29,2024-10-29T20:06:08Z,0000909832-24-000043,2024-09-26T20:17:15Z,32.9923,costex9918-k92624.htm,EX-99.1,9e333e25cd3f43792177d943c866407a25d8116eda9e221e943c0ae2d43b29f2,132648,[Cc]omparable sales;Other International;[Dd]igitally|[Ee]-commerce;[Tt]raffic|[Ff]requency,false,,false,
costco,retailer,2025-01-30,2025-01-30T21:05:52Z,0000909832-24-000075,2024-12-12T21:18:05Z,48.9915,costex9918-k121224.htm,EX-99.1,b1e3c50d3f0b9232e3b5178a926266655a0593f0f6bc30f226980dfb03711541,113041,[Cc]omparable sales;Other International;[Dd]igitally|[Ee]-commerce;[Tt]raffic|[Ff]requency,false,,false,
costco,retailer,2025-04-29,2025-04-29T20:05:41Z,0000909832-25-000012,2025-03-06T21:21:08Z,53.9476,costex9918-k3625.htm,EX-99.1,ce9a6d8b2afc67e058f455e61abdcee65a98de158c33bafed3aa00521f35b969,144800,[Cc]omparable sales;Other International;[Dd]igitally|[Ee]-commerce;[Tt]raffic|[Ff]requency,false,,false,
costco,retailer,2025-07-29,2025-07-29T20:06:16Z,0000909832-25-000031,2025-05-29T20:24:57Z,60.9870,costex9918-k52925.htm,EX-99.1,1d6a22d773eff12f19ed77eb5e0e057f0eea8a4faa0beccb5214fc9068dc1099,133262,[Cc]omparable sales;Other International;[Dd]igitally|[Ee]-commerce;[Tt]raffic|[Ff]requency,false,,false,
costco,retailer,2025-10-28,2025-10-28T20:06:03Z,0000909832-25-000093,2025-09-25T20:16:57Z,32.9924,costex9918-k92525.htm,EX-99.1,d325c97604c04754684661ce21e4e2f55b8c2d3020f2b9875ee5332948e1c099,133560,[Cc]omparable sales;Other International;[Dd]igitally|[Ee]-commerce;[Tt]raffic|[Ff]requency,false,,false,
costco,retailer,2026-01-29,2026-01-29T21:05:49Z,0000909832-25-000164,2025-12-11T21:22:04Z,48.9887,costex9918-k121125.htm,EX-99.1,bb020503068c4a4cbadc20af3bf54f6cd2e51a8fd70c819a0ef499c452e9aa07,117055,[Cc]omparable sales;Other International;[Dd]igitally|[Ee]-commerce;[Tt]raffic|[Ff]requency,false,,false,
costco,retailer,2026-04-28,2026-04-28T20:05:56Z,0000909832-26-000025,2026-03-05T21:19:07Z,53.9492,costex9918-k3526.htm,EX-99.1,01f7ac61d8b07dfd0b1acc48f18f4f3bf00f8b05a80c3dde5b1efdf8371f73f0,146424,[Cc]omparable sales;Other International;[Dd]igitally|[Ee]-commerce;[Tt]raffic|[Ff]requency,false,,false,
costco,retailer,2026-07-28,2026-07-28T20:05:26Z,0000909832-26-000046,2026-05-28T20:17:32Z,60.9916,costex9918-k52826.htm,EX-99.1,9505a26df8bd632b3737c47f9dfa67708185a75ca884792f923b3cce0b877565,135118,[Cc]omparable sales;Other International;[Dd]igitally|[Ee]-commerce;[Tt]raffic|[Ff]requency,false,,false,
walmart,retailer,2022-01-27,2022-01-27T21:08:07Z,0000104169-21-000063,2021-11-16T17:01:11Z,72.1715,earningsreleasefy22q3.htm,EX-99.1,040d3c7defad5bddc2ed0c5884d6a6f0c24bd71dbde9c9da9c9314e1d7d64f48,456416,[Tt]ransactions;[Aa]verage ticket|[Tt]icket;[Cc]omp sales;(?:[Gg]uidance|[Oo]utlook),true,,unknown,
walmart,retailer,2022-04-26,2022-04-26T20:05:54Z,0000104169-22-000009,2022-02-17T17:01:12Z,68.1283,earningsreleasefy22q4.htm,EX-99.1,915ef69f4763f97e25de7cfc6d9aea11327a24b61f311615b5d4c38c0c06eab9,572302,[Tt]ransactions;[Aa]verage ticket|[Tt]icket;[Cc]omp sales;(?:[Gg]uidance|[Oo]utlook),true,,unknown,
walmart,retailer,2022-07-26,2022-07-26T20:05:57Z,0000104169-22-000024,2022-05-17T14:58:42Z,70.2134,earningsreleasefy23q1.htm,EX-99.1,4efdc06031d0f3f65daa9d9c603ee2fb3adcf939393ef510665af4ff95641ea6,390015,[Tt]ransactions;[Aa]verage ticket|[Tt]icket;[Cc]omp sales;(?:[Gg]uidance|[Oo]utlook),true,2022Q2,false,
walmart,retailer,2022-10-25,2022-10-25T20:05:34Z,0000104169-22-000065,2022-08-16T15:00:07Z,70.2121,earningsreleasefy23q2.htm,EX-99.1,01ac3feae7e5c530300fca1beb493a82eb5057a187fbd23b7dd4344f2424be80,454412,[Tt]ransactions;[Aa]verage ticket|[Tt]icket;[Cc]omp sales;(?:[Gg]uidance|[Oo]utlook),true,,unknown,
walmart,retailer,2023-01-26,2023-01-26T21:05:49Z,0000104169-22-000077,2022-11-15T17:00:41Z,72.1702,earningsreleasefy23q3.htm,EX-99.1,3878878ae936a6eaa2e46b4b87d2c02746d6067477f0128f2d5e46438397cb5b,486232,[Tt]ransactions;[Aa]verage ticket|[Tt]icket;[Cc]omp sales;(?:[Gg]uidance|[Oo]utlook),true,,unknown,
walmart,retailer,2023-04-25,2023-04-25T20:05:31Z,0000104169-23-000010,2023-02-21T17:00:24Z,63.1286,earningsreleasefy23q4.htm,EX-99.1,da4006ee575404d0259b6992feb73f9fde8d119a156553fb60585173c6b6198b,542527,[Tt]ransactions;[Aa]verage ticket|[Tt]icket;[Cc]omp sales;(?:[Gg]uidance|[Oo]utlook),true,2024Q1,false,
walmart,retailer,2023-07-25,2023-07-25T20:05:51Z,0000104169-23-000043,2023-05-18T14:59:50Z,68.2125,earningsreleasefy24q1.htm,EX-99.1,82f1a82b751857ecc44faf77c1470b0e09bc55e7ec5d43ee9d1d51bfbcd30a45,437403,[Tt]ransactions;[Aa]verage ticket|[Tt]icket;[Cc]omp sales;(?:[Gg]uidance|[Oo]utlook),true,,unknown,
walmart,retailer,2023-10-24,2023-10-24T20:05:35Z,0000104169-23-000088,2023-08-17T14:59:53Z,68.2123,earningsreleasefy24q2.htm,EX-99.1,7e414be977aece96e0113488e9ce513d22a1df229881ee5969e1d13d6f70212a,545526,[Tt]ransactions;[Aa]verage ticket|[Tt]icket;[Cc]omp sales;(?:[Gg]uidance|[Oo]utlook),true,,unknown,
walmart,retailer,2024-01-25,2024-01-25T21:05:41Z,0000104169-23-000124,2023-11-16T16:59:45Z,70.1708,earningsreleasefy24q3.htm,EX-99.1,0dd929ffbdb215362b1597c50ba66805973727a3fabc998ec8e0134e3358d861,553108,[Tt]ransactions;[Aa]verage ticket|[Tt]icket;[Cc]omp sales;(?:[Gg]uidance|[Oo]utlook),true,,unknown,
walmart,retailer,2024-04-23,2024-04-23T20:05:39Z,0000104169-24-000019,2024-02-20T16:59:55Z,63.1290,earningsreleasefy24q4.htm,EX-99.1,20c20d25aadefac7bf80949ca876eda546ff731844ae0ad593abba3ad0bb8144,607493,[Tt]ransactions;[Aa]verage ticket|[Tt]icket;[Cc]omp sales;(?:[Gg]uidance|[Oo]utlook),true,,unknown,
walmart,retailer,2024-07-23,2024-07-23T20:05:38Z,0000104169-24-000088,2024-05-16T14:59:59Z,68.2123,earningsreleasefy25q1.htm,EX-99.1,9ff1752f8dd4cda3f40a136d0b3bd7f1a46f897e5737ef90ee84ed9762ef9fa1,476514,[Tt]ransactions;[Aa]verage ticket|[Tt]icket;[Cc]omp sales;(?:[Gg]uidance|[Oo]utlook),true,,unknown,
walmart,retailer,2024-10-29,2024-10-29T20:06:08Z,0000104169-24-000131,2024-08-15T14:59:32Z,75.2129,earningsreleasefy25q2.htm,EX-99.1,464525052d02c40b9fead11476cad045b5387c5dd65fdf9f399f8cc8761a5cbb,557777,[Tt]ransactions;[Aa]verage ticket|[Tt]icket;[Cc]omp sales;(?:[Gg]uidance|[Oo]utlook),true,,unknown,
walmart,retailer,2025-01-30,2025-01-30T21:05:52Z,0000104169-24-000170,2024-11-19T16:59:42Z,72.1709,earningsreleasefy25q3.htm,EX-99.1,8acb6435c4726cf1cc374f93ba5420f0540de93af207af338b373cf59cc006ad,544321,[Tt]ransactions;[Aa]verage ticket|[Tt]icket;[Cc]omp sales;(?:[Gg]uidance|[Oo]utlook),true,,unknown,
walmart,retailer,2025-04-29,2025-04-29T20:05:41Z,0000104169-25-000010,2025-02-20T16:57:00Z,68.1310,earningsreleasefy25q4.htm,EX-99.1,0cbad4082bbdc86d871888e9460649f0f36363b1984040dca66c65cc5fb40625,769990,[Tt]ransactions;[Aa]verage ticket|[Tt]icket;[Cc]omp sales;(?:[Gg]uidance|[Oo]utlook),true,,unknown,
walmart,retailer,2025-07-29,2025-07-29T20:06:16Z,0000104169-25-000069,2025-05-15T14:58:44Z,75.2136,earningsreleasefy26q1.htm,EX-99.1,d5b67fa9b880f403d452b9b8ec1cb53a5c2cf981acc6cf8f838f71d9112d9eef,566153,[Tt]ransactions;[Aa]verage ticket|[Tt]icket;[Cc]omp sales;(?:[Gg]uidance|[Oo]utlook),true,,unknown,
walmart,retailer,2025-10-28,2025-10-28T20:06:03Z,0000104169-25-000120,2025-08-21T14:59:09Z,68.2131,earningsreleasefy26q2.htm,EX-99.1,421e92b0c33010252de9b1a4afaa0635d3c8597a36aeadd1e1089146fdcecb18,756581,[Tt]ransactions;[Aa]verage ticket|[Tt]icket;[Cc]omp sales;(?:[Gg]uidance|[Oo]utlook),true,,unknown,
walmart,retailer,2026-01-29,2026-01-29T21:05:49Z,0000104169-25-000177,2025-11-20T16:58:46Z,70.1716,earningsreleasefy26q3.htm,EX-99.1,8435f5fdc4a71e2a0f49e758339976e61dbca2a48c05a4423f385a7550f6bc51,784383,[Tt]ransactions;[Aa]verage ticket|[Tt]icket;[Cc]omp sales;(?:[Gg]uidance|[Oo]utlook),true,,unknown,
walmart,retailer,2026-04-28,2026-04-28T20:05:56Z,0000104169-26-000032,2026-02-19T16:59:55Z,68.1292,earningsreleasefy26q4.htm,EX-99.1,fb77ab2bf9ac00f068d0b6af4e26c0303120037631829803f1a6d1f2ce89ac18,798427,[Tt]ransactions;[Aa]verage ticket|[Tt]icket;[Cc]omp sales;(?:[Gg]uidance|[Oo]utlook),true,,unknown,
walmart,retailer,2026-07-28,2026-07-28T20:05:26Z,0000104169-26-000095,2026-05-21T14:59:53Z,68.2122,earningsreleasefy27q1.htm,EX-99.1,2d505ebc9d477e9420eb44cbcd64307548bce6f1f0e6d27d0bf96278ae82f420,586245,[Tt]ransactions;[Aa]verage ticket|[Tt]icket;[Cc]omp sales;(?:[Gg]uidance|[Oo]utlook),true,,unknown,
paypal,processor,2022-01-27,2022-01-27T21:08:07Z,0001633917-21-000167,2021-11-08T21:28:31Z,79.9858,q3-21paypalearningsrelea.htm,EX-99.1,6d889d300638f63015f87024e869d798fca778d9ecd70a094e7c1e436dfc8cdf,44327,[Tt]otal [Pp]ayment [Vv]olume|TPV;(?:[Gg]uidance|[Oo]utlook),true,,unknown,
paypal,processor,2022-04-26,2022-04-26T20:05:54Z,0001633917-22-000021,2022-02-01T21:28:10Z,83.9429,q4-fyx21xpaypalxearnings.htm,EX-99.1,b765d1b69356900cae14616bb5bd75cfa0fa827590d423211a92ebb393d1537a,49169,[Tt]otal [Pp]ayment [Vv]olume|TPV;(?:[Gg]uidance|[Oo]utlook),true,,unknown,
paypal,processor,2022-07-26,2022-07-26T20:05:57Z,0001633917-22-000086,2022-04-27T20:29:32Z,89.9836,q1-22xpaypalxearningsxre.htm,EX-99.1,c8f281151ab6b53784d40314f50cf62e654a1669875e25995b640f401fb0c13a,51346,[Tt]otal [Pp]ayment [Vv]olume|TPV;(?:[Gg]uidance|[Oo]utlook),true,,unknown,
paypal,processor,2022-10-25,2022-10-25T20:05:34Z,0001633917-22-000135,2022-08-02T20:31:53Z,83.9817,q222paypalearningsreleas.htm,EX-99.1,d1d650ae2bbb286940503b206359d2d58de4344cac157ad291e1baa7efc2103a,50498,[Tt]otal [Pp]ayment [Vv]olume|TPV;(?:[Gg]uidance|[Oo]utlook),true,,unknown,
paypal,processor,2023-01-26,2023-01-26T21:05:49Z,0001633917-22-000165,2022-11-03T21:03:38Z,84.0015,q322paypalearningsreleas.htm,EX-99.1,d1a4080e79163a571b9512a880d3ad65ae138da87f77ae4864564beee6b1fd9f,47354,[Tt]otal [Pp]ayment [Vv]olume|TPV;(?:[Gg]uidance|[Oo]utlook),true,,unknown,
paypal,processor,2023-04-25,2023-04-25T20:05:31Z,0001633917-23-000031,2023-02-09T21:18:07Z,74.9496,q422paypalearningsreleas.htm,EX-99.1,b0e910596c98830aca035ccea63041414b7678b944029b69c9975f31566dfff6,56558,[Tt]otal [Pp]ayment [Vv]olume|TPV;(?:[Gg]uidance|[Oo]utlook),true,,unknown,
paypal,processor,2023-07-25,2023-07-25T20:05:51Z,0001633917-23-000070,2023-05-08T20:18:58Z,77.9909,q123paypalearningsreleas.htm,EX-99.1,9c3d9144b18b0c04058429fac3a041505aa27feda0113bcff52444df650249d3,43389,[Tt]otal [Pp]ayment [Vv]olume|TPV;(?:[Gg]uidance|[Oo]utlook),true,,unknown,
paypal,processor,2023-10-24,2023-10-24T20:05:35Z,0001633917-23-000115,2023-08-02T20:20:06Z,82.9899,q223paypalearningsreleas.htm,EX-99.1,470bfab33be6602058c7c999a9ab3448f74c781c1308434474ec4fe94dfbf87e,47130,[Tt]otal [Pp]ayment [Vv]olume|TPV;(?:[Gg]uidance|[Oo]utlook),true,,unknown,
paypal,processor,2024-01-25,2024-01-25T21:05:41Z,0001633917-23-000154,2023-11-01T20:20:48Z,85.0312,pyplq3-23earningsrelease.htm,EX-99.1,d37f1981f8326213e5a468589c97d8a369854666909df206b1d0f23e5999c031,49096,[Tt]otal [Pp]ayment [Vv]olume|TPV;(?:[Gg]uidance|[Oo]utlook),true,,unknown,
paypal,processor,2024-04-23,2024-04-23T20:05:39Z,0001633917-24-000022,2024-02-07T21:14:35Z,75.9521,q423paypalearningsreleas.htm,EX-99.1,17c49a9ee2e4e6ef80fb7f6c5a00887ba31ab3452c9bacf77679475c0d80f704,46763,[Tt]otal [Pp]ayment [Vv]olume|TPV;(?:[Gg]uidance|[Oo]utlook),true,,unknown,
paypal,processor,2024-07-23,2024-07-23T20:05:38Z,0001193125-24-123690,2024-04-30T11:30:30Z,84.3577,d831310dex991.htm,EX-99.1,eeaa31b635812def4f1d03582f408bfa6264722895b791da61754add42af9c62,390284,[Tt]otal [Pp]ayment [Vv]olume|TPV;(?:[Gg]uidance|[Oo]utlook),true,,unknown,
paypal,processor,2024-10-29,2024-10-29T20:06:08Z,0001633917-24-000108,2024-10-29T11:00:24Z,0.3790,pypl3q-24earningsrelease.htm,EX-99.1,70c0aa43e3642fd8328277cac2ccb6c928b08e5815a406e1bcc5ec8e215328ce,543765,[Tt]otal [Pp]ayment [Vv]olume|TPV;(?:[Gg]uidance|[Oo]utlook),true,,unknown,
paypal,processor,2025-01-30,2025-01-30T21:05:52Z,0001633917-24-000108,2024-10-29T11:00:24Z,93.4205,pypl3q-24earningsrelease.htm,EX-99.1,70c0aa43e3642fd8328277cac2ccb6c928b08e5815a406e1bcc5ec8e215328ce,543765,[Tt]otal [Pp]ayment [Vv]olume|TPV;(?:[Gg]uidance|[Oo]utlook),true,,unknown,
paypal,processor,2025-04-29,2025-04-29T20:05:41Z,0001633917-25-000062,2025-04-29T11:01:41Z,0.3778,pypl1q-25earningsrelease.htm,EX-99.1,b03fad25c3902d650aaa8365e6f752eace4cf33f2c2df45c5ad96e476c149f8f,494797,[Tt]otal [Pp]ayment [Vv]olume|TPV;(?:[Gg]uidance|[Oo]utlook),true,,unknown,
paypal,processor,2025-07-29,2025-07-29T20:06:16Z,0001633917-25-000158,2025-07-29T11:00:55Z,0.3787,pypl2q-25earningsrelease.htm,EX-99.1,8c0c07f9140b6a731233857eac3df6fadca9de57663178f6994c3268e8bb98fa,561907,[Tt]otal [Pp]ayment [Vv]olume|TPV;(?:[Gg]uidance|[Oo]utlook),true,,unknown,
paypal,processor,2025-10-28,2025-10-28T20:06:03Z,0001633917-25-000194,2025-10-28T11:01:13Z,0.3784,pypl3q-25earningsrelease.htm,EX-99.1,c6bf7a1edeee58ec96ab21e21c7a650e283ec21875f63676b6794592f8383baf,563871,[Tt]otal [Pp]ayment [Vv]olume|TPV;(?:[Gg]uidance|[Oo]utlook),true,,unknown,
paypal,processor,2026-01-29,2026-01-29T21:05:49Z,0001633917-25-000194,2025-10-28T11:01:13Z,93.4199,pypl3q-25earningsrelease.htm,EX-99.1,c6bf7a1edeee58ec96ab21e21c7a650e283ec21875f63676b6794592f8383baf,563871,[Tt]otal [Pp]ayment [Vv]olume|TPV;(?:[Gg]uidance|[Oo]utlook),true,,unknown,
paypal,processor,2026-04-28,2026-04-28T20:05:56Z,0001633917-26-000021,2026-02-03T12:08:08Z,84.3318,pypl4q-25earningsrelease.htm,EX-99.1,34d98d6525705bd198048df8ddda547249da48aadf4cfabbc306c48a440fab3f,634889,[Tt]otal [Pp]ayment [Vv]olume|TPV;(?:[Gg]uidance|[Oo]utlook),true,,unknown,
paypal,processor,2026-07-28,2026-07-28T20:05:26Z,0001633917-26-000080,2026-07-28T11:02:42Z,0.3769,pypl2q-26earningsrelease.htm,EX-99.1,6c4fb4ddfd19be6da029b29c5686ce4f9f67b274edc393f7f2a3b927ef644098,568504,[Tt]otal [Pp]ayment [Vv]olume|TPV;(?:[Gg]uidance|[Oo]utlook),true,,unknown,
block,processor,2022-01-27,2022-01-27T21:08:07Z,0001193125-21-320142,2021-11-05T00:09:39Z,83.8739,d28620dex991.htm,EX-99.1,11e537e111e1c0932eec8aaeaa4c839248e760fd64bc8c79d30ba1343b92549b,423066,[Gg]ross [Pp]ayment [Vv]olume|GPV;(?:[Gg]uidance|[Oo]utlook),true,,unknown,
block,processor,2022-04-26,2022-04-26T20:05:54Z,0001193125-22-052061,2022-02-25T02:11:08Z,60.7464,d219032dex991.htm,EX-99.1,3294f7b9136db18be4e33e756af473c702637ac649c0a4e3ec4b928456018b01,486568,[Gg]ross [Pp]ayment [Vv]olume|GPV;(?:[Gg]uidance|[Oo]utlook),true,,unknown,
block,processor,2022-07-26,2022-07-26T20:05:57Z,0001193125-22-142338,2022-05-06T00:18:53Z,81.8244,d340423dex991.htm,EX-99.1,9a4b669defa406479c42ee696dc3dcac2e4eb5d82dd65cd8b1f914b926ea8b3e,494458,[Gg]ross [Pp]ayment [Vv]olume|GPV;(?:[Gg]uidance|[Oo]utlook),true,,unknown,
block,processor,2022-10-25,2022-10-25T20:05:34Z,0001193125-22-212527,2022-08-05T00:14:02Z,81.8275,d369631dex991.htm,EX-99.1,2b8a2fefc7f305e224b8a2d50aade2309162f041eb3aca026f99e1ecdca89ee5,841535,[Gg]ross [Pp]ayment [Vv]olume|GPV;(?:[Gg]uidance|[Oo]utlook),true,,unknown,
block,processor,2023-01-26,2023-01-26T21:05:49Z,0001193125-22-276894,2022-11-04T00:11:46Z,83.8709,d361490dex991.htm,EX-99.1,fc33f71226d7bbe3d9168973a23f0eb7adf547e2c4367bdb30646a507623b4eb,873354,[Gg]ross [Pp]ayment [Vv]olume|GPV;(?:[Gg]uidance|[Oo]utlook),true,,unknown,
block,processor,2023-04-25,2023-04-25T20:05:31Z,0001193125-23-046618,2023-02-24T02:19:16Z,60.7405,d460989dex991.htm,EX-99.1,900d2253908de9763378e2c8a2eb8bcdf45e50ef0edf60604f38895cb1e19a9b,901454,[Gg]ross [Pp]ayment [Vv]olume|GPV;(?:[Gg]uidance|[Oo]utlook),true,,unknown,
block,processor,2023-07-25,2023-07-25T20:05:51Z,0001193125-23-135928,2023-05-05T00:14:20Z,81.8274,d440104dex991.htm,EX-99.1,d83bdab5f525623f8619e737edb7a087d6bfc4e177335e7d1e8006a157e9cef8,431780,[Gg]ross [Pp]ayment [Vv]olume|GPV;(?:[Gg]uidance|[Oo]utlook),true,,unknown,
block,processor,2023-10-24,2023-10-24T20:05:35Z,0001193125-23-202864,2023-08-04T00:14:32Z,81.8271,d469227dex991.htm,EX-99.1,991906c84fdbc631af14cdb6f0b27130704476f4d25f192abd6a0d23644eae3a,608803,[Gg]ross [Pp]ayment [Vv]olume|GPV;(?:[Gg]uidance|[Oo]utlook),true,,unknown,
block,processor,2024-01-25,2024-01-25T21:05:41Z,0001193125-23-269372,2023-11-03T00:12:00Z,83.8706,d711180dex991.htm,EX-99.1,cad325561b2b6c372f61b677d1e5a3e5ba89be7037e60476e639af2088bc9289,623530,[Gg]ross [Pp]ayment [Vv]olume|GPV;(?:[Gg]uidance|[Oo]utlook),true,,unknown,
block,processor,2024-04-23,2024-04-23T20:05:39Z,0001193125-24-042835,2024-02-23T02:11:06Z,60.7462,d718674dex991.htm,EX-99.1,d3015a2eaa703a6b8a0470d101fb14b732c7f8d353ae81a107cc3e1f4bfc7941,775142,[Gg]ross [Pp]ayment [Vv]olume|GPV;(?:[Gg]uidance|[Oo]utlook),true,,unknown,
block,processor,2024-07-23,2024-07-23T20:05:38Z,0001193125-24-129385,2024-05-03T00:19:11Z,81.8239,d831696dex991.htm,EX-99.1,5ffd089440a9c14370fa1792989aed22474ab733498a654ef1d3eb0b3e3128e2,526912,[Gg]ross [Pp]ayment [Vv]olume|GPV;(?:[Gg]uidance|[Oo]utlook),true,,unknown,
block,processor,2024-10-29,2024-10-29T20:06:08Z,0001193125-24-191530,2024-08-02T00:16:55Z,88.8258,d750402dex991.htm,EX-99.1,4977554def0b883a1f126d25c397a1e8d86386203370522431cb4344a77f06df,630837,[Gg]ross [Pp]ayment [Vv]olume|GPV;(?:[Gg]uidance|[Oo]utlook),true,,unknown,
block,processor,2025-01-30,2025-01-30T21:05:52Z,0001193125-24-253135,2024-11-08T02:13:34Z,83.7863,d835206dex991.htm,EX-99.1,3923f1f8093e4ef3860d670e5fcb744c73d35086207e537b32a75fae350b137d,663746,[Gg]ross [Pp]ayment [Vv]olume|GPV;(?:[Gg]uidance|[Oo]utlook),true,,unknown,
block,processor,2025-04-29,2025-04-29T20:05:41Z,0001193125-25-030738,2025-02-21T02:20:08Z,67.7400,d834054dex991.htm,EX-99.1,97036126b41007f247187482e1d4a72a356a19b59fa4b0ab343e52aadae6e74f,832226,[Gg]ross [Pp]ayment [Vv]olume|GPV;(?:[Gg]uidance|[Oo]utlook),true,,unknown,
block,processor,2025-07-29,2025-07-29T20:06:16Z,0001193125-25-109972,2025-05-02T00:11:51Z,88.8295,d943129dex991.htm,EX-99.1,d51a4de00955f49a3295e28d8ccb0b1da049fc99ee9bb7f11a13bccf17c79be5,616743,[Gg]ross [Pp]ayment [Vv]olume|GPV;(?:[Gg]uidance|[Oo]utlook),true,,unknown,
block,processor,2025-10-28,2025-10-28T20:06:03Z,0001193125-25-175456,2025-08-08T00:22:16Z,81.8221,d942331dex991.htm,EX-99.1,a447f8f28a7d660df0c14816adfc41c7c3ceebe37012a144819b3e4dcbf7339b,766509,[Gg]ross [Pp]ayment [Vv]olume|GPV;(?:[Gg]uidance|[Oo]utlook),true,,unknown,
block,processor,2026-01-29,2026-01-29T21:05:49Z,0001193125-25-269715,2025-11-07T02:29:20Z,83.7753,d48712dex991.htm,EX-99.1,3a9ff58d3230b9d7b32f7441e8e37d7e12de071cf9225cc9f9144005c2123935,919049,[Gg]ross [Pp]ayment [Vv]olume|GPV;(?:[Gg]uidance|[Oo]utlook),true,,unknown,
block,processor,2026-04-28,2026-04-28T20:05:56Z,0001193125-26-076557,2026-02-27T02:06:19Z,60.7497,d108590dex991.htm,EX-99.1,b78e00d2f55036b280f57bea8053402e2c763fada7bdd9473734f740745f9655,1305908,[Gg]ross [Pp]ayment [Vv]olume|GPV;(?:[Gg]uidance|[Oo]utlook),true,,unknown,
block,processor,2026-07-28,2026-07-28T20:05:26Z,0001193125-26-212032,2026-05-08T00:21:05Z,81.8225,d132441dex991.htm,EX-99.1,f3ac470b2a7010486c6bbbef5931e5bb6d53c7a5f7086a50982588f5b2637cce,1050219,[Gg]ross [Pp]ayment [Vv]olume|GPV;(?:[Gg]uidance|[Oo]utlook),true,,unknown,
united,airline,2022-01-27,2022-01-27T21:08:07Z,0000100517-22-000004,2022-01-19T21:30:30Z,7.9845,ual_12312021erex991.htm,EX-99.1,da3a1f3b87d715d7450d780520bc82347005e0d41d198ca0ec6b1d8c35c4c279,730285,Atlantic;Pacific;[Ii]nternational;[Cc]apacity;(?:[Gg]uidance|[Oo]utlook|expects),true,,unknown,
united,airline,2022-04-26,2022-04-26T20:05:54Z,0000100517-22-000022,2022-04-20T20:29:36Z,5.9835,ual_03312022erex991.htm,EX-99.1,0028a498b6eecf1237c629b2b9168ea988afec467369b5dfb5f30d0c6d9a2d32,498915,Pacific;[Ii]nternational;[Cc]apacity;(?:[Gg]uidance|[Oo]utlook|expects),true,,unknown,
united,airline,2022-07-26,2022-07-26T20:05:57Z,0000100517-22-000045,2022-07-20T20:30:08Z,5.9832,ual_06302022erex991.htm,EX-99.1,fd92e7c2ea7a3c6f04437a9a99040179b6bb00fbabe2d67fa2d7bba3061edf1a,690262,Pacific;[Ii]nternational;[Cc]apacity;(?:[Gg]uidance|[Oo]utlook|expects),true,,unknown,
united,airline,2022-10-25,2022-10-25T20:05:34Z,0000100517-22-000075,2022-10-18T20:05:28Z,7.0001,ual_09302022erex991.htm,EX-99.1,3d097b133003e610d2d2cf1656b012ba637d3e2dc421d2452c40fbc5a758c57d,697362,Pacific;[Ii]nternational;[Cc]apacity;(?:[Gg]uidance|[Oo]utlook|expects),true,,unknown,
united,airline,2023-01-26,2023-01-26T21:05:49Z,0000100517-23-000016,2023-01-17T21:00:09Z,9.0039,ual_12312022erex991.htm,EX-99.1,04983825e20cb1ac8a5edce684e9e24297372dc8d09843c2796d91d6f1126be7,717989,Pacific;[Ii]nternational;[Cc]apacity;(?:[Gg]uidance|[Oo]utlook|expects),true,,unknown,
united,airline,2023-04-25,2023-04-25T20:05:31Z,0000100517-23-000113,2023-04-18T20:00:03Z,7.0038,ual_03312023erex991.htm,EX-99.1,37a800be3131bf78f399cb00c12b76b60b73cc8138cd5a329088a68ec638c0d9,459684,Pacific;[Ii]nternational;[Cc]apacity;(?:[Gg]uidance|[Oo]utlook|expects),true,,unknown,
united,airline,2023-07-25,2023-07-25T20:05:51Z,0000100517-23-000150,2023-07-19T20:00:12Z,6.0039,ual_06302023erex991.htm,EX-99.1,8e25cfc86ea70422c3ca6185dc18e3b0a3a96c933ebba6cf626876ab3c2b6b81,563442,Atlantic;Pacific;[Ii]nternational;[Cc]apacity;(?:[Gg]uidance|[Oo]utlook|expects),true,,unknown,
united,airline,2023-10-24,2023-10-24T20:05:35Z,0000100517-23-000182,2023-10-17T20:00:07Z,7.0038,ual_09302023erex991.htm,EX-99.1,3cbdb33656b7bf1ba2dfd53943dedca7335a1782f8a3b4fc8dc47ac85eea9e41,582494,Atlantic;Pacific;[Ii]nternational;[Cc]apacity;(?:[Gg]uidance|[Oo]utlook|expects),true,,unknown,
united,airline,2024-01-25,2024-01-25T21:05:41Z,0000100517-24-000016,2024-01-22T21:00:04Z,3.0039,ual_12312023erex991.htm,EX-99.1,4c39921773bcf950f6c1cb7bb6fbf7c58c985263738001a55a00f827a0851234,583127,Pacific;[Ii]nternational;[Cc]apacity;(?:[Gg]uidance|[Oo]utlook|expects),true,,unknown,
united,airline,2024-04-23,2024-04-23T20:05:39Z,0000100517-24-000076,2024-04-16T20:00:09Z,7.0038,ual_03312024erex991.htm,EX-99.1,12374b613051f1c8f5002a74fdaa29463977cb67c15ce3d8c794176abed8fc3a,451410,Atlantic;Pacific;[Ii]nternational;[Cc]apacity;(?:[Gg]uidance|[Oo]utlook|expects),true,,unknown,
united,airline,2024-07-23,2024-07-23T20:05:38Z,0000100517-24-000117,2024-07-17T20:00:08Z,6.0038,ual_06302024erex991.htm,EX-99.1,d378d23a2f78c57c3a8a0a102d231de21332e79091dd646b05425083f4df79cc,591824,Atlantic;Pacific;[Ii]nternational;[Cc]apacity;(?:[Gg]uidance|[Oo]utlook|expects),true,,unknown,
united,airline,2024-10-29,2024-10-29T20:06:08Z,0000100517-24-000132,2024-10-15T20:00:00Z,14.0043,ual_09302024erex991.htm,EX-99.1,3777d4a7de1f59fcaf5481db2570b55dcf17d6d7f2167db38db90c0fca4574da,591262,Atlantic;Pacific;[Ii]nternational;[Cc]apacity;(?:[Gg]uidance|[Oo]utlook|expects),true,,unknown,
united,airline,2025-01-30,2025-01-30T21:05:52Z,0000100517-25-000013,2025-01-21T20:59:53Z,9.0042,ual_12312024erex991.htm,EX-99.1,a7a6e42dc352323b44adb6811d8f98e5f0b8b17e8562d011297d4c5082ea8317,568222,Atlantic;Pacific;[Ii]nternational;[Cc]apacity;(?:[Gg]uidance|[Oo]utlook|expects),true,,unknown,
united,airline,2025-04-29,2025-04-29T20:05:41Z,0000100517-25-000087,2025-04-15T20:00:15Z,14.0038,ual_03312025erex991.htm,EX-99.1,6c3677b675aa5d255ce9729b92322d18407b6875c46083ba3b17dc2ac3f8770b,453508,Atlantic;Pacific;[Ii]nternational;[Cc]apacity;(?:[Gg]uidance|[Oo]utlook|expects),true,,unknown,
united,airline,2025-07-29,2025-07-29T20:06:16Z,0000100517-25-000143,2025-07-16T20:00:30Z,13.0040,ual_06302025erex991.htm,EX-99.1,544d097952fe471a887150fee24c02cf925b490293f13d35496c823d179d3a08,593946,Atlantic;Pacific;[Ii]nternational;[Cc]apacity;(?:[Gg]uidance|[Oo]utlook|expects),true,,unknown,
united,airline,2025-10-28,2025-10-28T20:06:03Z,0000100517-25-000190,2025-10-15T20:00:15Z,13.0040,ual_09302025erex991.htm,EX-99.1,d33ebc25346ef70d3c859fecc3795fc6011bd3fff14c684aeba12b4d690ad927,606644,Atlantic;Pacific;[Ii]nternational;[Cc]apacity;(?:[Gg]uidance|[Oo]utlook|expects),true,,unknown,
united,airline,2026-01-29,2026-01-29T21:05:49Z,0000100517-26-000014,2026-01-20T21:00:16Z,9.0039,ual_12312025erex991.htm,EX-99.1,421f3a257640dd0991323ce9fda016fe96a99d4dca9c207f4b776fa85d2806e8,587923,Atlantic;Pacific;[Ii]nternational;[Cc]apacity;(?:[Gg]uidance|[Oo]utlook|expects),true,,unknown,
united,airline,2026-04-28,2026-04-28T20:05:56Z,0000100517-26-000089,2026-04-21T20:00:07Z,7.0040,ual_erx03312026xex991.htm,EX-99.1,6544ebac2b9fe06c89573a185a9870be6b7d3b5a452ccc5c118a92f92afd55c2,467695,Atlantic;Pacific;[Ii]nternational;[Cc]apacity;(?:[Gg]uidance|[Oo]utlook|expects),true,,unknown,
united,airline,2026-07-28,2026-07-28T20:05:26Z,0000100517-26-000135,2026-07-15T20:00:02Z,13.0038,ual_erx06302026xex991.htm,EX-99.1,0439b481cec405685192ec5fddfe342d7c5a86f3a347c6f428bf77b1b861db98,612620,Atlantic;Pacific;[Ii]nternational;[Cc]apacity;(?:[Gg]uidance|[Oo]utlook|expects),true,,unknown,
