candidate_id,family,origin_date,fiscal_year,fiscal_quarter,target_fiscal_year,target_fiscal_quarter,cutoff_utc,origin_status,accession,accepted_utc,filed_date,age_seconds,age_days,age_weeks,same_day,margin_seconds,fallback_accession,next_after_cutoff_accession,next_after_cutoff_days,eligible
delta,airline,2022-01-27,2022,1,2022,2,2022-01-27T21:08:07Z,candidate,0001683168-22-000238,2022-01-13T11:30:13Z,2022-01-13,1244274,14.4013,2.0573,false,,,0001683168-22-002578,75.5570,true
delta,airline,2022-04-26,2022,2,2022,3,2022-04-26T20:05:54Z,candidate,0001683168-22-002578,2022-04-13T10:30:11Z,2022-04-13,1157743,13.3998,1.9143,false,,,0001683168-22-004923,77.6002,true
delta,airline,2022-07-26,2022,3,2022,4,2022-07-26T20:05:57Z,candidate,0001683168-22-004923,2022-07-13T10:30:14Z,2022-07-13,1157743,13.3998,1.9143,false,,,0001683168-22-006867,78.6002,true
delta,airline,2022-10-25,2022,4,2023,1,2022-10-25T20:05:34Z,candidate,0001683168-22-006867,2022-10-13T10:30:15Z,2022-10-13,1071319,12.3995,1.7714,false,,,0001683168-23-000172,79.6423,true
delta,airline,2023-01-26,2023,1,2023,2,2023-01-26T21:05:49Z,candidate,0001683168-23-000172,2023-01-13T11:30:27Z,2023-01-13,1157722,13.3996,1.9142,false,,,0001683168-23-002326,76.5586,true
delta,airline,2023-04-25,2023,2,2023,3,2023-04-25T20:05:31Z,candidate,0001683168-23-002326,2023-04-13T10:30:11Z,2023-04-13,1071320,12.3995,1.7714,false,,,0001683168-23-004828,78.6005,true
delta,airline,2023-07-25,2023,3,2023,4,2023-07-25T20:05:51Z,candidate,0001683168-23-004828,2023-07-13T10:30:10Z,2023-07-13,1071341,12.3998,1.7714,false,,,0001683168-23-007072,78.6002,true
delta,airline,2023-10-24,2023,4,2024,1,2023-10-24T20:05:35Z,candidate,0001683168-23-007072,2023-10-12T10:30:11Z,2023-10-12,1071324,12.3996,1.7714,false,,,0001683168-24-000244,79.6421,true
delta,airline,2024-01-25,2024,1,2024,2,2024-01-25T21:05:41Z,candidate,0001683168-24-000244,2024-01-12T11:30:10Z,2024-01-12,1157731,13.3997,1.9142,false,,,0001683168-24-002249,75.5588,true
delta,airline,2024-04-23,2024,2,2024,3,2024-04-23T20:05:39Z,candidate,0001683168-24-002249,2024-04-10T10:30:24Z,2024-04-10,1157715,13.3995,1.9142,false,,,0001683168-24-004743,78.6004,true
delta,airline,2024-07-23,2024,3,2024,4,2024-07-23T20:05:38Z,candidate,0001683168-24-004743,2024-07-11T10:30:11Z,2024-07-11,1071327,12.3996,1.7714,false,,,0001683168-24-007033,78.6004,true
delta,airline,2024-10-29,2024,4,2025,1,2024-10-29T20:06:08Z,candidate,0001683168-24-007033,2024-10-10T10:30:15Z,2024-10-10,1676153,19.3999,2.7714,false,,,0001683168-25-000182,72.6417,true
delta,airline,2025-01-30,2025,1,2025,2,2025-01-30T21:05:52Z,candidate,0001683168-25-000182,2025-01-10T11:30:11Z,2025-01-10,1762541,20.3998,2.9143,false,,,0001683168-25-002353,68.5586,true
delta,airline,2025-04-29,2025,2,2025,3,2025-04-29T20:05:41Z,candidate,0001683168-25-002353,2025-04-09T10:30:18Z,2025-04-09,1762523,20.3996,2.9142,false,,,0001683168-25-005002,71.6005,true
delta,airline,2025-07-29,2025,3,2025,4,2025-07-29T20:06:16Z,candidate,0001683168-25-005002,2025-07-10T10:30:26Z,2025-07-10,1676150,19.3999,2.7714,false,,,0000027904-25-000018,71.5998,true
delta,airline,2025-10-28,2025,4,2026,1,2025-10-28T20:06:03Z,candidate,0000027904-25-000018,2025-10-09T10:30:03Z,2025-10-09,1676160,19.4000,2.7714,false,,,0000027904-26-000008,76.6418,true
delta,airline,2026-01-29,2026,1,2026,2,2026-01-29T21:05:49Z,candidate,0000027904-26-000008,2026-01-13T11:30:15Z,2026-01-13,1416934,16.3997,2.3428,false,,,0000027904-26-000020,68.5587,true
delta,airline,2026-04-28,2026,2,2026,3,2026-04-28T20:05:56Z,candidate,0000027904-26-000020,2026-04-08T10:30:17Z,2026-04-08,1762539,20.3998,2.9143,false,,,0000027904-26-000029,72.6002,true
delta,airline,2026-07-28,2026,3,2026,4,2026-07-28T20:05:26Z,prospective,0000027904-26-000029,2026-07-10T10:30:10Z,2026-07-10,1589716,18.3995,2.6285,false,,,,,true
united,airline,2022-01-27,2022,1,2022,2,2022-01-27T21:08:07Z,candidate,0000100517-22-000004,2022-01-19T21:30:30Z,2022-01-19,689857,7.9845,1.1406,false,,,0000100517-22-000022,82.9733,true
united,airline,2022-04-26,2022,2,2022,3,2022-04-26T20:05:54Z,candidate,0000100517-22-000022,2022-04-20T20:29:36Z,2022-04-20,516978,5.9835,0.8548,false,,,0000100517-22-000045,85.0168,true
united,airline,2022-07-26,2022,3,2022,4,2022-07-26T20:05:57Z,candidate,0000100517-22-000045,2022-07-20T20:30:08Z,2022-07-20,516949,5.9832,0.8547,false,,,0000100517-22-000075,83.9997,true
united,airline,2022-10-25,2022,4,2023,1,2022-10-25T20:05:34Z,candidate,0000100517-22-000075,2022-10-18T20:05:28Z,2022-10-18,604806,7.0001,1.0000,false,,,0000100517-23-000016,84.0379,true
united,airline,2023-01-26,2023,1,2023,2,2023-01-26T21:05:49Z,candidate,0000100517-23-000016,2023-01-17T21:00:09Z,2023-01-17,777940,9.0039,1.2863,false,,,0000100517-23-000113,81.9543,true
united,airline,2023-04-25,2023,2,2023,3,2023-04-25T20:05:31Z,candidate,0000100517-23-000113,2023-04-18T20:00:03Z,2023-04-18,605128,7.0038,1.0005,false,,,0000100517-23-000150,84.9963,true
united,airline,2023-07-25,2023,3,2023,4,2023-07-25T20:05:51Z,candidate,0000100517-23-000150,2023-07-19T20:00:12Z,2023-07-19,518739,6.0039,0.8577,false,,,0000100517-23-000182,83.9960,true
united,airline,2023-10-24,2023,4,2024,1,2023-10-24T20:05:35Z,candidate,0000100517-23-000182,2023-10-17T20:00:07Z,2023-10-17,605128,7.0038,1.0005,false,,,0000100517-24-000016,90.0378,true
united,airline,2024-01-25,2024,1,2024,2,2024-01-25T21:05:41Z,candidate,0000100517-24-000016,2024-01-22T21:00:04Z,2024-01-22,259537,3.0039,0.4291,false,,,0000100517-24-000076,81.9545,true
united,airline,2024-04-23,2024,2,2024,3,2024-04-23T20:05:39Z,candidate,0000100517-24-000076,2024-04-16T20:00:09Z,2024-04-16,605130,7.0038,1.0005,false,,,0000100517-24-000117,84.9962,true
united,airline,2024-07-23,2024,3,2024,4,2024-07-23T20:05:38Z,candidate,0000100517-24-000117,2024-07-17T20:00:08Z,2024-07-17,518730,6.0038,0.8577,false,,,0000100517-24-000132,83.9961,true
united,airline,2024-10-29,2024,4,2025,1,2024-10-29T20:06:08Z,candidate,0000100517-24-000132,2024-10-15T20:00:00Z,2024-10-15,1209968,14.0043,2.0006,false,,,0000100517-25-000013,84.0373,true
united,airline,2025-01-30,2025,1,2025,2,2025-01-30T21:05:52Z,candidate,0000100517-25-000013,2025-01-21T20:59:53Z,2025-01-21,777959,9.0042,1.2863,false,,,0000100517-25-000087,74.9544,true
united,airline,2025-04-29,2025,2,2025,3,2025-04-29T20:05:41Z,candidate,0000100517-25-000087,2025-04-15T20:00:15Z,2025-04-15,1209926,14.0038,2.0005,false,,,0000100517-25-000140,71.0405,true
united,airline,2025-07-29,2025,3,2025,4,2025-07-29T20:06:16Z,candidate,0000100517-25-000143,2025-07-16T20:00:30Z,2025-07-16,1123546,13.0040,1.8577,false,,,0000100517-25-000190,77.9958,true
united,airline,2025-10-28,2025,4,2026,1,2025-10-28T20:06:03Z,candidate,0000100517-25-000190,2025-10-15T20:00:15Z,2025-10-15,1123548,13.0040,1.8577,false,,,0000100517-26-000014,84.0377,true
united,airline,2026-01-29,2026,1,2026,2,2026-01-29T21:05:49Z,candidate,0000100517-26-000014,2026-01-20T21:00:16Z,2026-01-20,777933,9.0039,1.2863,false,,,0000100517-26-000089,81.9544,true
united,airline,2026-04-28,2026,2,2026,3,2026-04-28T20:05:56Z,candidate,0000100517-26-000089,2026-04-21T20:00:07Z,2026-04-21,605149,7.0040,1.0006,false,,,0000100517-26-000135,77.9959,true
united,airline,2026-07-28,2026,3,2026,4,2026-07-28T20:05:26Z,prospective,0000100517-26-000135,2026-07-15T20:00:02Z,2026-07-15,1123524,13.0038,1.8577,false,,,,,true
american,airline,2022-01-27,2022,1,2022,2,2022-01-27T21:08:07Z,candidate,0000006201-22-000014,2022-01-20T12:00:44Z,2022-01-20,637643,7.3801,1.0543,false,,,0000006201-22-000037,74.5989,true
american,airline,2022-04-26,2022,2,2022,3,2022-04-26T20:05:54Z,candidate,0000006201-22-000044,2022-04-21T11:00:25Z,2022-04-21,464729,5.3788,0.7684,false,,,0000006201-22-000064,76.6421,true
american,airline,2022-07-26,2022,3,2022,4,2022-07-26T20:05:57Z,candidate,0000006201-22-000070,2022-07-21T11:00:33Z,2022-07-21,464724,5.3788,0.7684,false,,,0000006201-22-000078,76.6420,true
american,airline,2022-10-25,2022,4,2023,1,2022-10-25T20:05:34Z,candidate,0000006201-22-000085,2022-10-20T11:00:26Z,2022-10-20,464708,5.3786,0.7684,false,,,0000006201-23-000008,92.6631,true
american,airline,2023-01-26,2023,1,2023,2,2023-01-26T21:05:49Z,candidate,0000006201-23-000008,2023-01-26T12:00:26Z,2023-01-26,32723,0.3787,0.0541,true,32723,0000006201-22-000085,0000006201-23-000041,90.5797,true
american,airline,2023-04-25,2023,2,2023,3,2023-04-25T20:05:31Z,candidate,0000006201-23-000008,2023-01-26T12:00:26Z,2023-01-26,7718705,89.3369,12.7624,false,,,0000006201-23-000041,1.6216,true
american,airline,2023-07-25,2023,3,2023,4,2023-07-25T20:05:51Z,candidate,0000006201-23-000069,2023-07-20T11:00:19Z,2023-07-20,464732,5.3788,0.7684,false,,,0000006201-23-000091,85.6211,true
american,airline,2023-10-24,2023,4,2024,1,2023-10-24T20:05:35Z,candidate,0000006201-23-000091,2023-10-19T11:00:17Z,2023-10-19,464718,5.3787,0.7684,false,,,0000006201-24-000005,92.6631,true
american,airline,2024-01-25,2024,1,2024,2,2024-01-25T21:05:41Z,candidate,0000006201-24-000005,2024-01-25T12:00:23Z,2024-01-25,32718,0.3787,0.0541,true,32718,0000006201-23-000091,0000006201-24-000031,90.5797,true
american,airline,2024-04-23,2024,2,2024,3,2024-04-23T20:05:39Z,candidate,0000006201-24-000005,2024-01-25T12:00:23Z,2024-01-25,7718716,89.3370,12.7624,false,,,0000006201-24-000031,1.6214,true
american,airline,2024-07-23,2024,3,2024,4,2024-07-23T20:05:38Z,candidate,0000006201-24-000031,2024-04-25T11:00:29Z,2024-04-25,7722309,89.3786,12.7684,false,,,0000006201-24-000047,1.6213,true
american,airline,2024-10-29,2024,4,2025,1,2024-10-29T20:06:08Z,candidate,0000006201-24-000059,2024-10-24T11:00:15Z,2024-10-24,464753,5.3791,0.7684,false,,,0000006201-25-000006,85.6627,true
american,airline,2025-01-30,2025,1,2025,2,2025-01-30T21:05:52Z,candidate,0000006201-25-000006,2025-01-23T12:00:21Z,2025-01-23,637531,7.3788,1.0541,false,,,0000006201-25-000022,83.5795,true
american,airline,2025-04-29,2025,2,2025,3,2025-04-29T20:05:41Z,candidate,0000006201-25-000022,2025-04-24T11:00:18Z,2025-04-24,464723,5.3787,0.7684,false,,,0000006201-25-000037,85.6215,true
american,airline,2025-07-29,2025,3,2025,4,2025-07-29T20:06:16Z,candidate,0000006201-25-000037,2025-07-24T11:00:36Z,2025-07-24,464740,5.3789,0.7684,false,,,0000006201-25-000051,85.6211,true
american,airline,2025-10-28,2025,4,2026,1,2025-10-28T20:06:03Z,candidate,0000006201-25-000051,2025-10-23T11:00:38Z,2025-10-23,464725,5.3788,0.7684,false,,,0000006201-26-000008,90.6629,true
american,airline,2026-01-29,2026,1,2026,2,2026-01-29T21:05:49Z,candidate,0000006201-26-000008,2026-01-27T12:00:35Z,2026-01-27,205514,2.3786,0.3398,false,,,0000006201-26-000031,83.5802,true
american,airline,2026-04-28,2026,2,2026,3,2026-04-28T20:05:56Z,candidate,0000006201-26-000031,2026-04-23T11:01:15Z,2026-04-23,464681,5.3783,0.7683,false,,,0000006201-26-000051,85.6212,true
american,airline,2026-07-28,2026,3,2026,4,2026-07-28T20:05:26Z,prospective,0000006201-26-000051,2026-07-23T11:00:28Z,2026-07-23,464698,5.3784,0.7683,false,,,,,true
walmart,retailer,2022-01-27,2022,1,2022,2,2022-01-27T21:08:07Z,candidate,0000104169-21-000063,2021-11-16T17:01:11Z,2021-11-16,6235616,72.1715,10.3102,false,,,0000104169-22-000009,20.8285,true
walmart,retailer,2022-04-26,2022,2,2022,3,2022-04-26T20:05:54Z,candidate,0000104169-22-000009,2022-02-17T17:01:12Z,2022-02-17,5886282,68.1283,9.7326,false,,,0000104169-22-000024,20.7867,true
walmart,retailer,2022-07-26,2022,3,2022,4,2022-07-26T20:05:57Z,candidate,0000104169-22-000024,2022-05-17T14:58:42Z,2022-05-17,6066435,70.2134,10.0305,false,,,0000104169-22-000065,20.7876,true
walmart,retailer,2022-10-25,2022,4,2023,1,2022-10-25T20:05:34Z,candidate,0000104169-22-000065,2022-08-16T15:00:07Z,2022-08-16,6066327,70.2121,10.0303,false,,,0000104169-22-000077,20.8716,true
walmart,retailer,2023-01-26,2023,1,2023,2,2023-01-26T21:05:49Z,candidate,0000104169-22-000077,2022-11-15T17:00:41Z,2022-11-15,6235508,72.1702,10.3100,false,,,0000104169-23-000010,25.8296,true
walmart,retailer,2023-04-25,2023,2,2023,3,2023-04-25T20:05:31Z,candidate,0000104169-23-000010,2023-02-21T17:00:24Z,2023-02-21,5454307,63.1286,9.0184,false,,,0000104169-23-000043,22.7877,true
walmart,retailer,2023-07-25,2023,3,2023,4,2023-07-25T20:05:51Z,candidate,0000104169-23-000043,2023-05-18T14:59:50Z,2023-05-18,5893561,68.2125,9.7446,false,,,0000104169-23-000088,22.7875,true
walmart,retailer,2023-10-24,2023,4,2024,1,2023-10-24T20:05:35Z,candidate,0000104169-23-000088,2023-08-17T14:59:53Z,2023-08-17,5893542,68.2123,9.7446,false,,,0000104169-23-000124,22.8709,true
walmart,retailer,2024-01-25,2024,1,2024,2,2024-01-25T21:05:41Z,candidate,0000104169-23-000124,2023-11-16T16:59:45Z,2023-11-16,6062756,70.1708,10.0244,false,,,0000104169-24-000019,25.8293,true
walmart,retailer,2024-04-23,2024,2,2024,3,2024-04-23T20:05:39Z,candidate,0000104169-24-000019,2024-02-20T16:59:55Z,2024-02-20,5454344,63.1290,9.0184,false,,,0000104169-24-000088,22.7877,true
walmart,retailer,2024-07-23,2024,3,2024,4,2024-07-23T20:05:38Z,candidate,0000104169-24-000088,2024-05-16T14:59:59Z,2024-05-16,5893539,68.2123,9.7446,false,,,0000104169-24-000131,22.7874,true
walmart,retailer,2024-10-29,2024,4,2025,1,2024-10-29T20:06:08Z,candidate,0000104169-24-000131,2024-08-15T14:59:32Z,2024-08-15,6498396,75.2129,10.7447,false,,,0000104169-24-000170,20.8705,true
walmart,retailer,2025-01-30,2025,1,2025,2,2025-01-30T21:05:52Z,candidate,0000104169-24-000170,2024-11-19T16:59:42Z,2024-11-19,6235570,72.1709,10.3101,false,,,0000104169-25-000010,20.8272,true
walmart,retailer,2025-04-29,2025,2,2025,3,2025-04-29T20:05:41Z,candidate,0000104169-25-000010,2025-02-20T16:57:00Z,2025-02-20,5886521,68.1310,9.7330,false,,,0000104169-25-000069,15.7868,true
walmart,retailer,2025-07-29,2025,3,2025,4,2025-07-29T20:06:16Z,candidate,0000104169-25-000069,2025-05-15T14:58:44Z,2025-05-15,6498452,75.2136,10.7448,false,,,0000104169-25-000120,22.7867,true
walmart,retailer,2025-10-28,2025,4,2026,1,2025-10-28T20:06:03Z,candidate,0000104169-25-000120,2025-08-21T14:59:09Z,2025-08-21,5893614,68.2131,9.7447,false,,,0000104169-25-000177,22.8699,true
walmart,retailer,2026-01-29,2026,1,2026,2,2026-01-29T21:05:49Z,candidate,0000104169-25-000177,2025-11-20T16:58:46Z,2025-11-20,6062823,70.1716,10.0245,false,,,0000104169-26-000032,20.8292,true
walmart,retailer,2026-04-28,2026,2,2026,3,2026-04-28T20:05:56Z,candidate,0000104169-26-000032,2026-02-19T16:59:55Z,2026-02-19,5886361,68.1292,9.7327,false,,,0000104169-26-000095,22.7875,true
walmart,retailer,2026-07-28,2026,3,2026,4,2026-07-28T20:05:26Z,prospective,0000104169-26-000095,2026-05-21T14:59:53Z,2026-05-21,5893533,68.2122,9.7446,false,,,0000104169-26-000145,22.7872,true
target,retailer,2022-01-27,2022,1,2022,2,2022-01-27T21:08:07Z,candidate,0000027419-21-000031,2021-11-17T12:05:40Z,2021-11-17,6166947,71.3767,10.1967,false,,,0000027419-22-000002,32.6559,true
target,retailer,2022-04-26,2022,2,2022,3,2022-04-26T20:05:54Z,candidate,0000027419-22-000002,2022-03-01T12:52:38Z,2022-03-01,4864396,56.3009,8.0430,false,,,0000027419-22-000011,21.6209,true
target,retailer,2022-07-26,2022,3,2022,4,2022-07-26T20:05:57Z,candidate,0000027419-22-000011,2022-05-18T10:59:59Z,2022-05-18,5994358,69.3791,9.9113,false,,,0000027419-22-000023,21.6786,true
target,retailer,2022-10-25,2022,4,2023,1,2022-10-25T20:05:34Z,candidate,0000027419-22-000023,2022-08-17T12:23:05Z,2022-08-17,5989349,69.3212,9.9030,false,,,0000027419-22-000032,21.6539,true
target,retailer,2023-01-26,2023,1,2023,2,2023-01-26T21:05:49Z,candidate,0000027419-22-000032,2022-11-16T11:47:10Z,2022-11-16,6167919,71.3880,10.1983,false,,,0000027419-23-000010,32.6546,true
target,retailer,2023-04-25,2023,2,2023,3,2023-04-25T20:05:31Z,candidate,0000027419-23-000010,2023-02-28T12:48:24Z,2023-02-28,4864627,56.3036,8.0434,false,,,0000027419-23-000023,21.6280,true
target,retailer,2023-07-25,2023,3,2023,4,2023-07-25T20:05:51Z,candidate,0000027419-23-000023,2023-05-17T11:09:49Z,2023-05-17,5993762,69.3722,9.9103,false,,,0000027419-23-000032,21.6143,true
target,retailer,2023-10-24,2023,4,2024,1,2023-10-24T20:05:35Z,candidate,0000027419-23-000032,2023-08-16T10:50:24Z,2023-08-16,5994911,69.3855,9.9122,false,,,0000027419-23-000048,21.6594,true
target,retailer,2024-01-25,2024,1,2024,2,2024-01-25T21:05:41Z,candidate,0000027419-23-000048,2023-11-15T11:55:10Z,2023-11-15,6167431,71.3823,10.1975,false,,,0000027419-24-000008,39.6549,true
target,retailer,2024-04-23,2024,2,2024,3,2024-04-23T20:05:39Z,candidate,0000027419-24-000008,2024-03-05T12:48:41Z,2024-03-05,4259818,49.3034,7.0433,false,,,0000027419-24-000126,28.6234,true
target,retailer,2024-07-23,2024,3,2024,4,2024-07-23T20:05:38Z,candidate,0000027419-24-000126,2024-05-22T11:03:19Z,2024-05-22,5389339,62.3766,8.9109,false,,,0000027419-24-000142,28.6422,true
target,retailer,2024-10-29,2024,4,2025,1,2024-10-29T20:06:08Z,candidate,0000027419-24-000142,2024-08-21T11:30:22Z,2024-08-21,5992546,69.3582,9.9083,false,,,0000027419-24-000177,21.6641,true
target,retailer,2025-01-30,2025,1,2025,2,2025-01-30T21:05:52Z,candidate,0000027419-24-000177,2024-11-20T12:02:25Z,2024-11-20,6167007,71.3774,10.1968,false,,,0000027419-25-000008,32.6137,true
target,retailer,2025-04-29,2025,2,2025,3,2025-04-29T20:05:41Z,candidate,0000027419-25-000008,2025-03-04T11:49:38Z,2025-03-04,4868163,56.3445,8.0492,false,,,0000027419-25-000096,21.6228,true
target,retailer,2025-07-29,2025,3,2025,4,2025-07-29T20:06:16Z,candidate,0000027419-25-000096,2025-05-21T11:02:28Z,2025-05-21,5994228,69.3776,9.9111,false,,,0000027419-25-000115,21.6104,true
target,retailer,2025-10-28,2025,4,2026,1,2025-10-28T20:06:03Z,candidate,0000027419-25-000115,2025-08-20T10:45:14Z,2025-08-20,5995249,69.3895,9.9128,false,,,0000027419-25-000123,21.7033,true
target,retailer,2026-01-29,2026,1,2026,2,2026-01-29T21:05:49Z,candidate,0000027419-25-000123,2025-11-19T12:58:51Z,2025-11-19,6163618,71.3382,10.1912,false,,,0000027419-26-000009,12.6006,true
target,retailer,2026-04-28,2026,2,2026,3,2026-04-28T20:05:56Z,candidate,0000027419-26-000012,2026-03-03T12:12:05Z,2026-03-03,4866831,56.3291,8.0470,false,,,0000027419-26-000020,21.6608,true
target,retailer,2026-07-28,2026,3,2026,4,2026-07-28T20:05:26Z,prospective,0000027419-26-000020,2026-05-20T11:57:30Z,2026-05-20,5990876,69.3388,9.9055,false,,,0000027419-26-000034,21.6568,true
costco,retailer,2022-01-27,2022,1,2022,2,2022-01-27T21:08:07Z,candidate,0001193125-21-352764,2021-12-09T22:07:02Z,2021-12-09,4230065,48.9591,6.9942,false,,,0001193125-22-065629,35.8610,true
costco,retailer,2022-04-26,2022,2,2022,3,2022-04-26T20:05:54Z,candidate,0001193125-22-065629,2022-03-04T17:47:58Z,2022-03-04,4587476,53.0958,7.5851,false,,,0001193125-22-161034,30.0140,true
costco,retailer,2022-07-26,2022,3,2022,4,2022-07-26T20:05:57Z,candidate,0001193125-22-161034,2022-05-26T20:26:04Z,2022-05-26,5269193,60.9860,8.7123,false,,,0001193125-22-249988,58.8976,true
costco,retailer,2022-10-25,2022,4,2023,1,2022-10-25T20:05:34Z,candidate,0001193125-22-249988,2022-09-23T17:38:33Z,2022-09-23,2773621,32.1021,4.5860,false,,,0000909832-22-000029,44.1549,true
costco,retailer,2023-01-26,2023,1,2023,2,2023-01-26T21:05:49Z,candidate,0000909832-22-000029,2022-12-08T23:48:41Z,2022-12-09,4223828,48.8869,6.9838,false,,,0000909832-23-000010,35.0868,true
costco,retailer,2023-04-25,2023,2,2023,3,2023-04-25T20:05:31Z,candidate,0000909832-23-000010,2023-03-02T23:10:48Z,2023-03-03,4654483,53.8713,7.6959,false,,,0000909832-23-000025,30.0119,true
costco,retailer,2023-07-25,2023,3,2023,4,2023-07-25T20:05:51Z,candidate,0000909832-23-000025,2023-05-25T20:22:40Z,2023-05-25,5269391,60.9883,8.7126,false,,,0000909832-23-000038,63.0221,true
costco,retailer,2023-10-24,2023,4,2024,1,2023-10-24T20:05:35Z,candidate,0000909832-23-000038,2023-09-26T20:37:40Z,2023-09-26,2417275,27.9777,3.9968,false,,,0000909832-23-000062,51.0653,true
costco,retailer,2024-01-25,2024,1,2024,2,2024-01-25T21:05:41Z,candidate,0000909832-23-000062,2023-12-14T21:39:35Z,2023-12-14,3626766,41.9765,5.9966,false,,,0000909832-24-000012,42.0218,true
costco,retailer,2024-04-23,2024,2,2024,3,2024-04-23T20:05:39Z,candidate,0000909832-24-000012,2024-03-07T21:37:05Z,2024-03-07,4055314,46.9365,6.7052,false,,,0000909832-24-000026,37.0147,true
costco,retailer,2024-07-23,2024,3,2024,4,2024-07-23T20:05:38Z,candidate,0000909832-24-000026,2024-05-30T20:26:46Z,2024-05-30,4664332,53.9853,7.7122,false,,,0000909832-24-000043,65.0081,true
costco,retailer,2024-10-29,2024,4,2025,1,2024-10-29T20:06:08Z,candidate,0000909832-24-000043,2024-09-26T20:17:15Z,2024-09-26,2850533,32.9923,4.7132,false,,,0000909832-24-000075,44.0500,true
costco,retailer,2025-01-30,2025,1,2025,2,2025-01-30T21:05:52Z,candidate,0000909832-24-000075,2024-12-12T21:18:05Z,2024-12-12,4232867,48.9915,6.9988,false,,,0000909832-25-000012,35.0106,true
costco,retailer,2025-04-29,2025,2,2025,3,2025-04-29T20:05:41Z,candidate,0000909832-25-000012,2025-03-06T21:21:08Z,2025-03-06,4661073,53.9476,7.7068,false,,,0000909832-25-000031,30.0134,true
costco,retailer,2025-07-29,2025,3,2025,4,2025-07-29T20:06:16Z,candidate,0000909832-25-000031,2025-05-29T20:24:57Z,2025-05-29,5269279,60.9870,8.7124,false,,,0000909832-25-000093,58.0074,true
costco,retailer,2025-10-28,2025,4,2026,1,2025-10-28T20:06:03Z,candidate,0000909832-25-000093,2025-09-25T20:16:57Z,2025-09-25,2850546,32.9924,4.7132,false,,,0000909832-25-000164,44.0528,true
costco,retailer,2026-01-29,2026,1,2026,2,2026-01-29T21:05:49Z,candidate,0000909832-25-000164,2025-12-11T21:22:04Z,2025-12-11,4232625,48.9887,6.9984,false,,,0000909832-26-000025,35.0092,true
costco,retailer,2026-04-28,2026,2,2026,3,2026-04-28T20:05:56Z,candidate,0000909832-26-000025,2026-03-05T21:19:07Z,2026-03-05,4661209,53.9492,7.7070,false,,,0000909832-26-000046,30.0081,true
costco,retailer,2026-07-28,2026,3,2026,4,2026-07-28T20:05:26Z,prospective,0000909832-26-000046,2026-05-28T20:17:32Z,2026-05-28,5269674,60.9916,8.7131,false,,,0000909832-26-000084,58.0085,true
paypal,processor,2022-01-27,2022,1,2022,2,2022-01-27T21:08:07Z,candidate,0001633917-21-000167,2021-11-08T21:28:31Z,2021-11-08,6910776,79.9858,11.4265,false,,,0001633917-22-000021,5.0139,true
paypal,processor,2022-04-26,2022,2,2022,3,2022-04-26T20:05:54Z,candidate,0001633917-22-000021,2022-02-01T21:28:10Z,2022-02-01,7252664,83.9429,11.9918,false,,,0001633917-22-000086,1.0164,true
paypal,processor,2022-07-26,2022,3,2022,4,2022-07-26T20:05:57Z,candidate,0001633917-22-000086,2022-04-27T20:29:32Z,2022-04-27,7774585,89.9836,12.8548,false,,,0001633917-22-000135,7.0180,true
paypal,processor,2022-10-25,2022,4,2023,1,2022-10-25T20:05:34Z,candidate,0001633917-22-000135,2022-08-02T20:31:53Z,2022-08-02,7256021,83.9817,11.9974,false,,,0001633917-22-000165,9.0403,true
paypal,processor,2023-01-26,2023,1,2023,2,2023-01-26T21:05:49Z,candidate,0001633917-22-000165,2022-11-03T21:03:38Z,2022-11-03,7257731,84.0015,12.0002,false,,,0001633917-23-000031,14.0085,true
paypal,processor,2023-04-25,2023,2,2023,3,2023-04-25T20:05:31Z,candidate,0001633917-23-000031,2023-02-09T21:18:07Z,2023-02-09,6475644,74.9496,10.7071,false,,,0001633917-23-000070,13.0093,true
paypal,processor,2023-07-25,2023,3,2023,4,2023-07-25T20:05:51Z,candidate,0001633917-23-000070,2023-05-08T20:18:58Z,2023-05-08,6738413,77.9909,11.1416,false,,,0001633917-23-000115,8.0099,true
paypal,processor,2023-10-24,2023,4,2024,1,2023-10-24T20:05:35Z,candidate,0001633917-23-000115,2023-08-02T20:20:06Z,2023-08-02,7170329,82.9899,11.8557,false,,,0001633917-23-000154,8.0106,true
paypal,processor,2024-01-25,2024,1,2024,2,2024-01-25T21:05:41Z,candidate,0001633917-23-000154,2023-11-01T20:20:48Z,2023-11-01,7346693,85.0312,12.1473,false,,,0001633917-24-000022,13.0062,true
paypal,processor,2024-04-23,2024,2,2024,3,2024-04-23T20:05:39Z,candidate,0001633917-24-000022,2024-02-07T21:14:35Z,2024-02-07,6562264,75.9521,10.8503,false,,,0001193125-24-123690,6.6423,true
paypal,processor,2024-07-23,2024,3,2024,4,2024-07-23T20:05:38Z,candidate,0001193125-24-123690,2024-04-30T11:30:30Z,2024-04-30,7288508,84.3577,12.0511,false,,,0001633917-24-000096,6.6220,true
paypal,processor,2024-10-29,2024,4,2025,1,2024-10-29T20:06:08Z,candidate,0001633917-24-000108,2024-10-29T11:00:24Z,2024-10-29,32744,0.3790,0.0541,true,32744,0001633917-24-000096,0001633917-25-000017,97.6632,true
paypal,processor,2025-01-30,2025,1,2025,2,2025-01-30T21:05:52Z,candidate,0001633917-24-000108,2024-10-29T11:00:24Z,2024-10-29,8071528,93.4205,13.3458,false,,,0001633917-25-000017,4.6217,true
paypal,processor,2025-04-29,2025,2,2025,3,2025-04-29T20:05:41Z,candidate,0001633917-25-000062,2025-04-29T11:01:41Z,2025-04-29,32640,0.3778,0.0540,true,32640,0001633917-25-000017,0001633917-25-000158,90.6217,true
paypal,processor,2025-07-29,2025,3,2025,4,2025-07-29T20:06:16Z,candidate,0001633917-25-000158,2025-07-29T11:00:55Z,2025-07-29,32721,0.3787,0.0541,true,32721,0001633917-25-000062,0001633917-25-000194,90.6215,true
paypal,processor,2025-10-28,2025,4,2026,1,2025-10-28T20:06:03Z,candidate,0001633917-25-000194,2025-10-28T11:01:13Z,2025-10-28,32690,0.3784,0.0541,true,32690,0001633917-25-000158,0001633917-26-000021,97.6681,true
paypal,processor,2026-01-29,2026,1,2026,2,2026-01-29T21:05:49Z,candidate,0001633917-25-000194,2025-10-28T11:01:13Z,2025-10-28,8071476,93.4199,13.3457,false,,,0001633917-26-000021,4.6266,true
paypal,processor,2026-04-28,2026,2,2026,3,2026-04-28T20:05:56Z,candidate,0001633917-26-000021,2026-02-03T12:08:08Z,2026-02-03,7286268,84.3318,12.0474,false,,,0001633917-26-000065,6.6233,true
paypal,processor,2026-07-28,2026,3,2026,4,2026-07-28T20:05:26Z,prospective,0001633917-26-000080,2026-07-28T11:02:42Z,2026-07-28,32564,0.3769,0.0538,true,32564,0001633917-26-000065,,,true
fiserv,processor,2022-01-27,2022,1,2022,2,2022-01-27T21:08:07Z,candidate,0000798354-21-000016,2021-10-27T15:26:14Z,2021-10-27,7969313,92.2374,13.1768,false,,,0000798354-22-000002,11.8431,true
fiserv,processor,2022-04-26,2022,2,2022,3,2022-04-26T20:05:54Z,candidate,0000798354-22-000002,2022-02-08T17:22:07Z,2022-02-08,6662627,77.1137,11.0162,false,,,0000798354-22-000006,0.8058,true
fiserv,processor,2022-07-26,2022,3,2022,4,2022-07-26T20:05:57Z,candidate,0000798354-22-000013,2022-07-26T15:21:41Z,2022-07-26,17056,0.1974,0.0282,true,17056,0000798354-22-000006,0000798354-22-000017,92.8004,true
fiserv,processor,2022-10-25,2022,4,2023,1,2022-10-25T20:05:34Z,candidate,0000798354-22-000013,2022-07-26T15:21:41Z,2022-07-26,7879433,91.1971,13.0282,false,,,0000798354-22-000017,1.8007,true
fiserv,processor,2023-01-26,2023,1,2023,2,2023-01-26T21:05:49Z,candidate,0000798354-22-000017,2022-10-27T15:18:31Z,2022-10-27,7883238,91.2412,13.0345,false,,,0000798354-23-000002,11.8408,true
fiserv,processor,2023-04-25,2023,2,2023,3,2023-04-25T20:05:31Z,candidate,0000798354-23-000006,2023-04-25T15:29:50Z,2023-04-25,16541,0.1914,0.0273,true,16541,0000798354-23-000002,0000798354-23-000012,91.7947,true
fiserv,processor,2023-07-25,2023,3,2023,4,2023-07-25T20:05:51Z,candidate,0000798354-23-000006,2023-04-25T15:29:50Z,2023-04-25,7878961,91.1917,13.0274,false,,,0000798354-23-000012,0.7945,true
fiserv,processor,2023-10-24,2023,4,2024,1,2023-10-24T20:05:35Z,candidate,0000798354-23-000016,2023-10-24T15:14:53Z,2023-10-24,17442,0.2019,0.0288,true,17442,0000798354-23-000012,0001193125-23-277510,21.8545,true
fiserv,processor,2024-01-25,2024,1,2024,2,2024-01-25T21:05:41Z,candidate,0001193125-23-277510,2023-11-15T16:36:03Z,2023-11-15,6150578,71.1872,10.1696,false,,,0000798354-24-000021,11.8422,true
fiserv,processor,2024-04-23,2024,2,2024,3,2024-04-23T20:05:39Z,candidate,0000798354-24-000098,2024-04-23T15:14:03Z,2024-04-23,17496,0.2025,0.0289,true,17496,0001193125-24-077703,0000798354-24-000154,91.7968,true
fiserv,processor,2024-07-23,2024,3,2024,4,2024-07-23T20:05:38Z,candidate,0000798354-24-000098,2024-04-23T15:14:03Z,2024-04-23,7879895,91.2025,13.0289,false,,,0000798354-24-000154,0.7968,true
fiserv,processor,2024-10-29,2024,4,2025,1,2024-10-29T20:06:08Z,candidate,0000798354-24-000188,2024-10-22T15:15:39Z,2024-10-22,622229,7.2017,1.0288,false,,,0000798354-25-000018,98.8804,true
fiserv,processor,2025-01-30,2025,1,2025,2,2025-01-30T21:05:52Z,candidate,0000798354-24-000188,2024-10-22T15:15:39Z,2024-10-22,8661013,100.2432,14.3205,false,,,0000798354-25-000018,5.8389,true
fiserv,processor,2025-04-29,2025,2,2025,3,2025-04-29T20:05:41Z,candidate,0000798354-25-000102,2025-04-24T15:09:27Z,2025-04-24,449774,5.2057,0.7437,false,,,0000798354-25-000161,84.7982,true
fiserv,processor,2025-07-29,2025,3,2025,4,2025-07-29T20:06:16Z,candidate,0000798354-25-000161,2025-07-23T15:15:05Z,2025-07-23,535871,6.2022,0.8860,false,,,0000798354-25-000168,91.7980,true
fiserv,processor,2025-10-28,2025,4,2026,1,2025-10-28T20:06:03Z,candidate,0000798354-25-000161,2025-07-23T15:15:05Z,2025-07-23,8398258,97.2021,13.8860,false,,,0000798354-25-000168,0.7982,true
fiserv,processor,2026-01-29,2026,1,2026,2,2026-01-29T21:05:49Z,candidate,0000798354-25-000168,2025-10-29T15:15:26Z,2025-10-29,7969823,92.2433,13.1776,false,,,0000798354-26-000006,11.8403,true
fiserv,processor,2026-04-28,2026,2,2026,3,2026-04-28T20:05:56Z,candidate,0000798354-26-000006,2026-02-10T17:15:47Z,2026-02-10,6663009,77.1182,11.0169,false,,,0000798354-26-000014,6.7978,true
fiserv,processor,2026-07-28,2026,3,2026,4,2026-07-28T20:05:26Z,prospective,0000798354-26-000014,2026-05-05T15:14:46Z,2026-05-05,7275040,84.2019,12.0288,false,,,0000798354-26-000028,8.7986,true
global_payments,processor,2022-01-27,2022,1,2022,2,2022-01-27T21:08:07Z,candidate,0001123360-21-000030,2021-11-02T11:00:12Z,2021-11-02,7466875,86.4222,12.3460,false,,,0001123360-22-000003,13.6301,true
global_payments,processor,2022-04-26,2022,2,2022,3,2022-04-26T20:05:54Z,candidate,0001123360-22-000003,2022-02-10T12:15:31Z,2022-02-10,6508223,75.3267,10.7610,false,,,0001123360-22-000011,5.6203,true
global_payments,processor,2022-07-26,2022,3,2022,4,2022-07-26T20:05:57Z,candidate,0001123360-22-000011,2022-05-02T10:59:04Z,2022-05-02,7376813,85.3798,12.1971,false,,,0001123360-22-000019,5.6245,true
global_payments,processor,2022-10-25,2022,4,2023,1,2022-10-25T20:05:34Z,candidate,0001123360-22-000019,2022-08-01T11:05:17Z,2022-08-01,7376417,85.3752,12.1965,false,,,0001123360-22-000028,5.6250,true
global_payments,processor,2023-01-26,2023,1,2023,2,2023-01-26T21:05:49Z,candidate,0001123360-22-000028,2022-10-31T11:05:37Z,2022-10-31,7552812,87.4168,12.4881,false,,,0001123360-23-000006,14.6722,true
global_payments,processor,2023-04-25,2023,2,2023,3,2023-04-25T20:05:31Z,candidate,0001123360-23-000006,2023-02-10T13:13:50Z,2023-02-10,6418301,74.2859,10.6123,false,,,0001123360-23-000017,5.6249,true
global_payments,processor,2023-07-25,2023,3,2023,4,2023-07-25T20:05:51Z,candidate,0001123360-23-000017,2023-05-01T11:05:21Z,2023-05-01,7376430,85.3753,12.1965,false,,,0001123360-23-000026,6.6225,true
global_payments,processor,2023-10-24,2023,4,2024,1,2023-10-24T20:05:35Z,candidate,0001123360-23-000026,2023-08-01T11:02:19Z,2023-08-01,7290196,84.3773,12.0539,false,,,0001123360-23-000037,6.6509,true
global_payments,processor,2024-01-25,2024,1,2024,2,2024-01-25T21:05:41Z,candidate,0001123360-23-000037,2023-10-31T11:42:50Z,2023-10-31,7464171,86.3909,12.3416,false,,,0001123360-24-000002,19.6227,true
global_payments,processor,2024-04-23,2024,2,2024,3,2024-04-23T20:05:39Z,candidate,0001123360-24-000002,2024-02-14T12:02:23Z,2024-02-14,5990596,69.3356,9.9051,false,,,0001123360-24-000012,7.6223,true
global_payments,processor,2024-07-23,2024,3,2024,4,2024-07-23T20:05:38Z,candidate,0001123360-24-000012,2024-05-01T11:01:46Z,2024-05-01,7203832,83.3777,11.9111,false,,,0001123360-24-000024,14.6235,true
global_payments,processor,2024-10-29,2024,4,2025,1,2024-10-29T20:06:08Z,candidate,0001123360-24-000024,2024-08-07T11:03:30Z,2024-08-07,7203758,83.3768,11.9110,false,,,0001123360-24-000033,0.6214,true
global_payments,processor,2025-01-30,2025,1,2025,2,2025-01-30T21:05:52Z,candidate,0001123360-24-000033,2024-10-30T11:00:53Z,2024-10-30,7985099,92.4201,13.2029,false,,,0001123360-25-000004,13.6197,true
global_payments,processor,2025-04-29,2025,2,2025,3,2025-04-29T20:05:41Z,candidate,0001104659-25-035771,2025-04-17T12:38:32Z,2025-04-17,1063629,12.3105,1.7586,false,,,0001123360-25-000028,6.6338,true
global_payments,processor,2025-07-29,2025,3,2025,4,2025-07-29T20:06:16Z,candidate,0001123360-25-000028,2025-05-06T11:18:19Z,2025-05-06,7289277,84.3666,12.0524,false,,,0001123360-25-000038,7.6235,true
global_payments,processor,2025-10-28,2025,4,2026,1,2025-10-28T20:06:03Z,candidate,0001123360-25-000038,2025-08-06T11:04:08Z,2025-08-06,7203715,83.3763,11.9109,false,,,0001123360-25-000075,6.6618,true
global_payments,processor,2026-01-29,2026,1,2026,2,2026-01-29T21:05:49Z,candidate,0001123360-25-000075,2025-11-04T11:59:01Z,2025-11-04,7463208,86.3797,12.3400,false,,,0001123360-26-000004,19.6204,true
global_payments,processor,2026-04-28,2026,2,2026,3,2026-04-28T20:05:56Z,candidate,0001123360-26-000004,2026-02-18T11:59:15Z,2026-02-18,5990801,69.3380,9.9054,false,,,0001123360-26-000070,7.6238,true
global_payments,processor,2026-07-28,2026,3,2026,4,2026-07-28T20:05:26Z,prospective,0001123360-26-000070,2026-05-06T11:04:14Z,2026-05-06,7203672,83.3758,11.9108,false,,,0001123360-26-000082,7.6208,true
block,processor,2022-01-27,2022,1,2022,2,2022-01-27T21:08:07Z,candidate,0001193125-21-320142,2021-11-05T00:09:39Z,2021-11-04,7246708,83.8739,11.9820,false,,,0001193125-22-052061,28.2104,true
block,processor,2022-04-26,2022,2,2022,3,2022-04-26T20:05:54Z,candidate,0001193125-22-052061,2022-02-25T02:11:08Z,2022-02-24,5248486,60.7464,8.6781,false,,,0001193125-22-142338,9.1757,true
block,processor,2022-07-26,2022,3,2022,4,2022-07-26T20:05:57Z,candidate,0001193125-22-142338,2022-05-06T00:18:53Z,2022-05-05,7069624,81.8244,11.6892,false,,,0001193125-22-212527,9.1723,true
block,processor,2022-10-25,2022,4,2023,1,2022-10-25T20:05:34Z,candidate,0001193125-22-212527,2022-08-05T00:14:02Z,2022-08-04,7069892,81.8275,11.6896,false,,,0001193125-22-276894,9.1710,true
block,processor,2023-01-26,2023,1,2023,2,2023-01-26T21:05:49Z,candidate,0001193125-22-276894,2022-11-04T00:11:46Z,2022-11-03,7246443,83.8709,11.9816,false,,,0001193125-23-046618,28.2177,true
block,processor,2023-04-25,2023,2,2023,3,2023-04-25T20:05:31Z,candidate,0001193125-23-046618,2023-02-24T02:19:16Z,2023-02-23,5247975,60.7405,8.6772,false,,,0001193125-23-135928,9.1728,true
block,processor,2023-07-25,2023,3,2023,4,2023-07-25T20:05:51Z,candidate,0001193125-23-135928,2023-05-05T00:14:20Z,2023-05-04,7069891,81.8274,11.6896,false,,,0001193125-23-202864,9.1727,true
block,processor,2023-10-24,2023,4,2024,1,2023-10-24T20:05:35Z,candidate,0001193125-23-202864,2023-08-04T00:14:32Z,2023-08-03,7069863,81.8271,11.6896,false,,,0001193125-23-269372,9.1711,true
block,processor,2024-01-25,2024,1,2024,2,2024-01-25T21:05:41Z,candidate,0001193125-23-269372,2023-11-03T00:12:00Z,2023-11-02,7246421,83.8706,11.9815,false,,,0001193125-24-042835,28.2121,true
block,processor,2024-04-23,2024,2,2024,3,2024-04-23T20:05:39Z,candidate,0001193125-24-042835,2024-02-23T02:11:06Z,2024-02-22,5248473,60.7462,8.6780,false,,,0001193125-24-129385,9.1761,true
block,processor,2024-07-23,2024,3,2024,4,2024-07-23T20:05:38Z,candidate,0001193125-24-129385,2024-05-03T00:19:11Z,2024-05-02,7069587,81.8239,11.6891,false,,,0001193125-24-191530,9.1745,true
block,processor,2024-10-29,2024,4,2025,1,2024-10-29T20:06:08Z,candidate,0001193125-24-191530,2024-08-02T00:16:55Z,2024-08-01,7674553,88.8258,12.6894,false,,,0001193125-24-253135,9.2552,true
block,processor,2025-01-30,2025,1,2025,2,2025-01-30T21:05:52Z,candidate,0001193125-24-253135,2024-11-08T02:13:34Z,2024-11-07,7239138,83.7863,11.9695,false,,,0001193125-25-030738,21.2182,true
block,processor,2025-04-29,2025,2,2025,3,2025-04-29T20:05:41Z,candidate,0001193125-25-030738,2025-02-21T02:20:08Z,2025-02-20,5852733,67.7400,9.6771,false,,,0001193125-25-109972,2.1709,true
block,processor,2025-07-29,2025,3,2025,4,2025-07-29T20:06:16Z,candidate,0001193125-25-109972,2025-05-02T00:11:51Z,2025-05-01,7674865,88.8295,12.6899,false,,,0001193125-25-175456,9.1778,true
block,processor,2025-10-28,2025,4,2026,1,2025-10-28T20:06:03Z,candidate,0001193125-25-175456,2025-08-08T00:22:16Z,2025-08-07,7069427,81.8221,11.6889,false,,,0001193125-25-269715,9.2662,true
block,processor,2026-01-29,2026,1,2026,2,2026-01-29T21:05:49Z,candidate,0001193125-25-269715,2025-11-07T02:29:20Z,2025-11-06,7238189,83.7753,11.9679,false,,,0001193125-26-076557,28.2087,true
block,processor,2026-04-28,2026,2,2026,3,2026-04-28T20:05:56Z,candidate,0001193125-26-076557,2026-02-27T02:06:19Z,2026-02-26,5248777,60.7497,8.6785,false,,,0001193125-26-212032,9.1772,true
block,processor,2026-07-28,2026,3,2026,4,2026-07-28T20:05:26Z,prospective,0001193125-26-212032,2026-05-08T00:21:05Z,2026-05-07,7069461,81.8225,11.6889,false,,,0001193125-26-335117,8.1707,true
shift4,processor,2022-01-27,2022,1,2022,2,2022-01-27T21:08:07Z,candidate,0001794669-21-000005,2021-11-10T12:11:13Z,2021-11-10,6771414,78.3728,11.1961,false,,,0001794669-22-000007,32.6263,true
shift4,processor,2022-04-26,2022,2,2022,3,2022-04-26T20:05:54Z,candidate,0001794669-22-000007,2022-03-01T12:10:00Z,2022-03-01,4866954,56.3305,8.0472,false,,,0001794669-22-000021,8.6254,true
shift4,processor,2022-07-26,2022,3,2022,4,2022-07-26T20:05:57Z,candidate,0001794669-22-000021,2022-05-05T11:06:28Z,2022-05-05,7117169,82.3746,11.7678,false,,,0001794669-22-000039,8.6263,true
shift4,processor,2022-10-25,2022,4,2023,1,2022-10-25T20:05:34Z,candidate,0001794669-22-000039,2022-08-04T11:07:50Z,2022-08-04,7117064,82.3734,11.7676,false,,,0001794669-22-000051,12.6740,true
shift4,processor,2023-01-26,2023,1,2023,2,2023-01-26T21:05:49Z,candidate,0001794669-22-000051,2022-11-07T12:16:08Z,2022-11-07,6943781,80.3678,11.4811,false,,,0001794669-23-000002,32.6262,true
shift4,processor,2023-04-25,2023,2,2023,3,2023-04-25T20:05:31Z,candidate,0001794669-23-000002,2023-02-28T12:07:30Z,2023-02-28,4867081,56.3320,8.0474,false,,,0001794669-23-000008,8.6265,true
shift4,processor,2023-07-25,2023,3,2023,4,2023-07-25T20:05:51Z,candidate,0001794669-23-000008,2023-05-04T11:07:41Z,2023-05-04,7117090,82.3737,11.7677,false,,,0001794669-23-000016,8.6261,true
shift4,processor,2023-10-24,2023,4,2024,1,2023-10-24T20:05:35Z,candidate,0001794669-23-000016,2023-08-03T11:07:24Z,2023-08-03,7117091,82.3737,11.7677,false,,,0001794669-23-000024,14.6655,true
shift4,processor,2024-01-25,2024,1,2024,2,2024-01-25T21:05:41Z,candidate,0001794669-23-000024,2023-11-08T12:03:56Z,2023-11-08,6771705,78.3762,11.1966,false,,,0001794669-24-000004,32.6247,true
shift4,processor,2024-04-23,2024,2,2024,3,2024-04-23T20:05:39Z,candidate,0001794669-24-000004,2024-02-27T12:05:15Z,2024-02-27,4867224,56.3336,8.0477,false,,,0001794669-24-000014,15.6302,true
shift4,processor,2024-07-23,2024,3,2024,4,2024-07-23T20:05:38Z,candidate,0001794669-24-000014,2024-05-09T11:13:05Z,2024-05-09,6511953,75.3698,10.7671,false,,,0001794669-24-000023,15.6227,true
shift4,processor,2024-10-29,2024,4,2025,1,2024-10-29T20:06:08Z,candidate,0001794669-24-000023,2024-08-08T11:02:17Z,2024-08-08,7117431,82.3777,11.7682,false,,,0001794669-24-000031,13.6657,true
shift4,processor,2025-01-30,2025,1,2025,2,2025-01-30T21:05:52Z,candidate,0001794669-24-000031,2024-11-12T12:04:43Z,2024-11-12,6858069,79.3758,11.3394,false,,,0001794669-25-000007,19.0028,true
shift4,processor,2025-04-29,2025,2,2025,3,2025-04-29T20:05:41Z,candidate,0001794669-25-000017,2025-04-29T11:14:56Z,2025-04-29,31845,0.3686,0.0527,true,31845,0001794669-25-000007,0001794669-25-000033,190.6657,true
shift4,processor,2025-07-29,2025,3,2025,4,2025-07-29T20:06:16Z,candidate,0001794669-25-000017,2025-04-29T11:14:56Z,2025-04-29,7894280,91.3690,13.0527,false,,,0001794669-25-000033,99.6653,true
shift4,processor,2025-10-28,2025,4,2026,1,2025-10-28T20:06:03Z,candidate,0001794669-25-000017,2025-04-29T11:14:56Z,2025-04-29,15756667,182.3688,26.0527,false,,,0001794669-25-000033,8.6655,true
shift4,processor,2026-01-29,2026,1,2026,2,2026-01-29T21:05:49Z,candidate,0001794669-25-000033,2025-11-06T12:04:18Z,2025-11-06,7290091,84.3761,12.0537,false,,,0001794669-26-000006,27.6231,true
shift4,processor,2026-04-28,2026,2,2026,3,2026-04-28T20:05:56Z,candidate,0001794669-26-000006,2026-02-26T12:03:04Z,2026-02-26,5299372,61.3353,8.7622,false,,,0001794669-26-000018,8.6227,true
shift4,processor,2026-07-28,2026,3,2026,4,2026-07-28T20:05:26Z,prospective,0001794669-26-000018,2026-05-07T11:02:34Z,2026-05-07,7117372,82.3770,11.7681,false,,,0001794669-26-000042,8.6255,true
mastercard,out_of_family,2022-01-27,2022,1,2022,2,2022-01-27T21:08:07Z,candidate,0001141391-22-000006,2022-01-27T13:03:28Z,2022-01-27,29079,0.3366,0.0481,true,29079,0001141391-21-000180,0001141391-22-000086,90.6205,true
mastercard,out_of_family,2022-04-26,2022,2,2022,3,2022-04-26T20:05:54Z,candidate,0001141391-22-000006,2022-01-27T13:03:28Z,2022-01-27,7714946,89.2934,12.7562,false,,,0001141391-22-000086,1.6637,true
mastercard,out_of_family,2022-07-26,2022,3,2022,4,2022-07-26T20:05:57Z,candidate,0001141391-22-000086,2022-04-28T12:01:38Z,2022-04-28,7718659,89.3363,12.7623,false,,,0001141391-22-000148,1.6647,true
mastercard,out_of_family,2022-10-25,2022,4,2023,1,2022-10-25T20:05:34Z,candidate,0001141391-22-000148,2022-07-28T12:03:10Z,2022-07-28,7718544,89.3350,12.7621,false,,,0001141391-22-000161,1.6648,true
mastercard,out_of_family,2023-01-26,2023,1,2023,2,2023-01-26T21:05:49Z,candidate,0001141391-23-000008,2023-01-26T13:01:51Z,2023-01-26,29038,0.3361,0.0480,true,29038,0001141391-22-000161,0001141391-23-000057,90.6227,true
mastercard,out_of_family,2023-04-25,2023,2,2023,3,2023-04-25T20:05:31Z,candidate,0001141391-23-000008,2023-01-26T13:01:51Z,2023-01-26,7715020,89.2942,12.7563,false,,,0001141391-23-000057,1.6646,true
mastercard,out_of_family,2023-07-25,2023,3,2023,4,2023-07-25T20:05:51Z,candidate,0001141391-23-000057,2023-04-27T12:02:34Z,2023-04-27,7718597,89.3356,12.7622,false,,,0001141391-23-000129,1.6644,true
mastercard,out_of_family,2023-10-24,2023,4,2024,1,2023-10-24T20:05:35Z,candidate,0001141391-23-000129,2023-07-27T12:02:39Z,2023-07-27,7718576,89.3354,12.7622,false,,,0001141391-23-000155,1.6655,true
mastercard,out_of_family,2024-01-25,2024,1,2024,2,2024-01-25T21:05:41Z,candidate,0001141391-23-000155,2023-10-26T12:03:56Z,2023-10-26,7894905,91.3762,13.0537,false,,,0001141391-24-000011,5.6650,true
mastercard,out_of_family,2024-04-23,2024,2,2024,3,2024-04-23T20:05:39Z,candidate,0001141391-24-000011,2024-01-31T13:03:14Z,2024-01-31,7196545,83.2933,11.8990,false,,,0001141391-24-000085,7.6661,true
mastercard,out_of_family,2024-07-23,2024,3,2024,4,2024-07-23T20:05:38Z,candidate,0001141391-24-000085,2024-05-01T12:04:47Z,2024-05-01,7200051,83.3339,11.9048,false,,,0001141391-24-000159,7.6675,true
mastercard,out_of_family,2024-10-29,2024,4,2025,1,2024-10-29T20:06:08Z,candidate,0001141391-24-000159,2024-07-31T12:06:48Z,2024-07-31,7804760,90.3329,12.9047,false,,,0001141391-24-000200,1.6660,true
mastercard,out_of_family,2025-01-30,2025,1,2025,2,2025-01-30T21:05:52Z,candidate,0001141391-25-000003,2025-01-30T13:02:49Z,2025-01-30,28983,0.3355,0.0479,true,28983,0001141391-24-000200,0001141391-25-000088,90.6233,true
mastercard,out_of_family,2025-04-29,2025,2,2025,3,2025-04-29T20:05:41Z,candidate,0001141391-25-000003,2025-01-30T13:02:49Z,2025-01-30,7714972,89.2937,12.7562,false,,,0001141391-25-000088,1.6651,true
mastercard,out_of_family,2025-07-29,2025,3,2025,4,2025-07-29T20:06:16Z,candidate,0001141391-25-000088,2025-05-01T12:03:24Z,2025-05-01,7718572,89.3353,12.7622,false,,,0001141391-25-000170,1.6646,true
mastercard,out_of_family,2025-10-28,2025,4,2026,1,2025-10-28T20:06:03Z,candidate,0001141391-25-000170,2025-07-31T12:03:19Z,2025-07-31,7718564,89.3352,12.7622,false,,,0001141391-25-000191,1.6648,true
mastercard,out_of_family,2026-01-29,2026,1,2026,2,2026-01-29T21:05:49Z,candidate,0001141391-26-000003,2026-01-29T13:03:21Z,2026-01-29,28948,0.3350,0.0479,true,28948,0001141391-25-000191,0001141391-26-000029,90.6234,true
mastercard,out_of_family,2026-04-28,2026,2,2026,3,2026-04-28T20:05:56Z,candidate,0001141391-26-000003,2026-01-29T13:03:21Z,2026-01-29,7714955,89.2935,12.7562,false,,,0001141391-26-000029,1.6650,true
mastercard,out_of_family,2026-07-28,2026,3,2026,4,2026-07-28T20:05:26Z,prospective,0001141391-26-000029,2026-04-30T12:03:33Z,2026-04-30,7718513,89.3346,12.7621,false,,,0001141391-26-000081,1.6678,true
amex,out_of_family,2022-01-27,2022,1,2022,2,2022-01-27T21:08:07Z,candidate,0000004962-22-000004,2022-01-25T17:05:03Z,2022-01-25,187384,2.1688,0.3098,false,,,0000004962-22-000025,84.7456,true
amex,out_of_family,2022-04-26,2022,2,2022,3,2022-04-26T20:05:54Z,candidate,0000004962-22-000025,2022-04-22T15:01:46Z,2022-04-22,363848,4.2112,0.6016,false,,,0000004962-22-000039,86.7895,true
amex,out_of_family,2022-07-26,2022,3,2022,4,2022-07-26T20:05:57Z,candidate,0000004962-22-000039,2022-07-22T15:02:51Z,2022-07-22,363786,4.2105,0.6015,false,,,0000004962-22-000053,86.7893,true
amex,out_of_family,2022-10-25,2022,4,2023,1,2022-10-25T20:05:34Z,candidate,0000004962-22-000053,2022-10-21T15:02:34Z,2022-10-21,363780,4.2104,0.6015,false,,,0000004962-23-000004,93.8724,true
amex,out_of_family,2023-01-26,2023,1,2023,2,2023-01-26T21:05:49Z,candidate,0000004962-22-000053,2022-10-21T15:02:34Z,2022-10-21,8402595,97.2523,13.8932,false,,,0000004962-23-000004,0.8306,true
amex,out_of_family,2023-04-25,2023,2,2023,3,2023-04-25T20:05:31Z,candidate,0000004962-23-000015,2023-04-20T15:02:26Z,2023-04-20,450185,5.2105,0.7444,false,,,0000004962-23-000027,86.7891,true
amex,out_of_family,2023-07-25,2023,3,2023,4,2023-07-25T20:05:51Z,candidate,0000004962-23-000027,2023-07-21T15:01:52Z,2023-07-21,363839,4.2111,0.6016,false,,,0000004962-23-000037,86.7889,true
amex,out_of_family,2023-10-24,2023,4,2024,1,2023-10-24T20:05:35Z,candidate,0000004962-23-000037,2023-10-20T15:01:53Z,2023-10-20,363822,4.2109,0.6016,false,,,0000004962-24-000008,93.8721,true
amex,out_of_family,2024-01-25,2024,1,2024,2,2024-01-25T21:05:41Z,candidate,0000004962-23-000037,2023-10-20T15:01:53Z,2023-10-20,8402628,97.2526,13.8932,false,,,0000004962-24-000008,0.8304,true
amex,out_of_family,2024-04-23,2024,2,2024,3,2024-04-23T20:05:39Z,candidate,0000004962-24-000029,2024-04-19T15:02:18Z,2024-04-19,363801,4.2107,0.6015,false,,,0000004962-24-000051,86.7902,true
amex,out_of_family,2024-07-23,2024,3,2024,4,2024-07-23T20:05:38Z,candidate,0000004962-24-000051,2024-07-19T15:03:29Z,2024-07-19,363729,4.2098,0.6014,false,,,0000004962-24-000067,86.7938,true
amex,out_of_family,2024-10-29,2024,4,2025,1,2024-10-29T20:06:08Z,candidate,0000004962-24-000067,2024-10-18T15:08:40Z,2024-10-18,968248,11.2066,1.6009,false,,,0000004962-25-000007,86.8736,true
amex,out_of_family,2025-01-30,2025,1,2025,2,2025-01-30T21:05:52Z,candidate,0000004962-25-000007,2025-01-24T17:04:06Z,2025-01-24,532906,6.1679,0.8811,false,,,0000004962-25-000034,76.7480,true
amex,out_of_family,2025-04-29,2025,2,2025,3,2025-04-29T20:05:41Z,candidate,0000004962-25-000034,2025-04-17T15:03:03Z,2025-04-17,1054958,12.2102,1.7443,false,,,0000004962-25-000082,79.7897,true
amex,out_of_family,2025-07-29,2025,3,2025,4,2025-07-29T20:06:16Z,candidate,0000004962-25-000082,2025-07-18T15:02:50Z,2025-07-18,968606,11.2107,1.6015,false,,,0000004962-25-000218,79.7877,true
amex,out_of_family,2025-10-28,2025,4,2026,1,2025-10-28T20:06:03Z,candidate,0000004962-25-000218,2025-10-17T15:00:35Z,2025-10-17,968728,11.2121,1.6017,false,,,0000004962-26-000037,93.8712,true
amex,out_of_family,2026-01-29,2026,1,2026,2,2026-01-29T21:05:49Z,candidate,0000004962-25-000218,2025-10-17T15:00:35Z,2025-10-17,9007514,104.2536,14.8934,false,,,0000004962-26-000037,0.8297,true
amex,out_of_family,2026-04-28,2026,2,2026,3,2026-04-28T20:05:56Z,candidate,0000004962-26-000188,2026-04-23T15:00:36Z,2026-04-23,450320,5.2120,0.7446,false,,,0000004962-26-000318,86.7879,true
amex,out_of_family,2026-07-28,2026,3,2026,4,2026-07-28T20:05:26Z,prospective,0000004962-26-000318,2026-07-24T15:00:28Z,2026-07-24,363898,4.2118,0.6017,false,,,,,true
jpmorgan,out_of_family,2022-01-27,2022,1,2022,2,2022-01-27T21:08:07Z,candidate,0000019617-22-000079,2022-01-14T16:45:48Z,2022-01-14,1138939,13.1822,1.8832,false,,,0000019617-22-000313,75.7349,true
jpmorgan,out_of_family,2022-04-26,2022,2,2022,3,2022-04-26T20:05:54Z,candidate,0000019617-22-000313,2022-04-13T14:46:25Z,2022-04-13,1142369,13.2219,1.8888,false,,,0000019617-22-000410,78.7776,true
jpmorgan,out_of_family,2022-07-26,2022,3,2022,4,2022-07-26T20:05:57Z,candidate,0000019617-22-000410,2022-07-14T14:45:42Z,2022-07-14,1056015,12.2224,1.7461,false,,,0000019617-22-000486,79.7775,true
jpmorgan,out_of_family,2022-10-25,2022,4,2023,1,2022-10-25T20:05:34Z,candidate,0000019617-22-000486,2022-10-14T14:45:32Z,2022-10-14,969602,11.2222,1.6032,false,,,0000019617-23-000063,79.8610,true
jpmorgan,out_of_family,2023-01-26,2023,1,2023,2,2023-01-26T21:05:49Z,candidate,0000019617-23-000063,2023-01-13T16:45:26Z,2023-01-13,1138823,13.1808,1.8830,false,,,0001628280-23-011546,77.7383,true
jpmorgan,out_of_family,2023-04-25,2023,2,2023,3,2023-04-25T20:05:31Z,candidate,0001628280-23-011546,2023-04-14T14:48:57Z,2023-04-14,969394,11.2198,1.6028,false,,,0000019617-23-000425,79.7782,true
jpmorgan,out_of_family,2023-07-25,2023,3,2023,4,2023-07-25T20:05:51Z,candidate,0000019617-23-000425,2023-07-14T14:46:08Z,2023-07-14,969583,11.2220,1.6031,false,,,0000019617-23-000508,79.7788,true
jpmorgan,out_of_family,2023-10-24,2023,4,2024,1,2023-10-24T20:05:35Z,candidate,0000019617-23-000508,2023-10-13T14:47:21Z,2023-10-13,969494,11.2210,1.6030,false,,,0000019617-24-000049,79.8623,true
jpmorgan,out_of_family,2024-01-25,2024,1,2024,2,2024-01-25T21:05:41Z,candidate,0000019617-24-000049,2024-01-12T16:47:22Z,2024-01-12,1138699,13.1794,1.8828,false,,,0000019617-24-000315,77.7362,true
jpmorgan,out_of_family,2024-04-23,2024,2,2024,3,2024-04-23T20:05:39Z,candidate,0000019617-24-000315,2024-04-12T14:45:53Z,2024-04-12,969586,11.2221,1.6032,false,,,0000019617-24-000446,79.7784,true
jpmorgan,out_of_family,2024-07-23,2024,3,2024,4,2024-07-23T20:05:38Z,candidate,0000019617-24-000446,2024-07-12T14:46:30Z,2024-07-12,969548,11.2216,1.6031,false,,,0000019617-24-000555,79.7782,true
jpmorgan,out_of_family,2024-10-29,2024,4,2025,1,2024-10-29T20:06:08Z,candidate,0000019617-24-000555,2024-10-11T14:46:16Z,2024-10-11,1574392,18.2221,2.6032,false,,,0000019617-25-000040,77.8610,true
jpmorgan,out_of_family,2025-01-30,2025,1,2025,2,2025-01-30T21:05:52Z,candidate,0000019617-25-000040,2025-01-15T16:46:01Z,2025-01-15,1311591,15.1805,2.1686,false,,,0000019617-25-000332,70.7361,true
jpmorgan,out_of_family,2025-04-29,2025,2,2025,3,2025-04-29T20:05:41Z,candidate,0000019617-25-000332,2025-04-11T14:45:50Z,2025-04-11,1574391,18.2221,2.6032,false,,,0000019617-25-000518,76.7676,true
jpmorgan,out_of_family,2025-07-29,2025,3,2025,4,2025-07-29T20:06:16Z,candidate,0000019617-25-000518,2025-07-15T14:30:58Z,2025-07-15,1229718,14.2328,2.0333,false,,,0001628280-25-044845,76.7671,true
jpmorgan,out_of_family,2025-10-28,2025,4,2026,1,2025-10-28T20:06:03Z,candidate,0001628280-25-044845,2025-10-14T14:30:57Z,2025-10-14,1229706,14.2327,2.0332,false,,,0001628280-26-001902,76.8577,true
jpmorgan,out_of_family,2026-01-29,2026,1,2026,2,2026-01-29T21:05:49Z,candidate,0001628280-26-001902,2026-01-13T16:41:09Z,2026-01-13,1398280,16.1838,2.3120,false,,,0001628280-26-024990,74.7270,true
jpmorgan,out_of_family,2026-04-28,2026,2,2026,3,2026-04-28T20:05:56Z,candidate,0001628280-26-024990,2026-04-14T14:32:42Z,2026-04-14,1229594,14.2314,2.0331,false,,,0001628280-26-048078,76.7672,true
jpmorgan,out_of_family,2026-07-28,2026,3,2026,4,2026-07-28T20:05:26Z,prospective,0001628280-26-048078,2026-07-14T14:30:38Z,2026-07-14,1229688,14.2325,2.0332,false,,,,,true
